{
  "annotations": {
    "list": [
      {
        "builtIn": 1,
        "datasource": {
          "type": "grafana",
          "uid": "-- Grafana --"
        },
        "enable": true,
        "hide": true,
        "iconColor": "rgba(0, 211, 255, 1)",
        "name": "Annotations & Alerts",
        "target": {
          "limit": 100,
          "matchAny": false,
          "tags": [],
          "type": "dashboard"
        },
        "type": "dashboard"
      }
    ]
  },
  "editable": true,
  "fiscalYearStartMonth": 0,
  "graphTooltip": 0,
  "links": [],
  "liveNow": false,
  "panels": [
    {
      "datasource": {
        "type": "influxdb",
        "uid": "000000001"
      },
      "fieldConfig": {
        "defaults": {
          "color": {
            "mode": "palette-classic"
          },
          "custom": {
            "axisBorderShow": false,
            "axisCenteredZero": false,
            "axisColorMode": "text",
            "axisLabel": "",
            "axisPlacement": "auto",
            "axisSoftMin": 0,
            "barAlignment": 0,
            "drawStyle": "line",
            "fillOpacity": 71,
            "gradientMode": "opacity",
            "hideFrom": {
              "legend": false,
              "tooltip": false,
              "viz": false
            },
            "insertNulls": false,
            "lineInterpolation": "stepBefore",
            "lineWidth": 1,
            "pointSize": 5,
            "scaleDistribution": {
              "type": "linear"
            },
            "showPoints": "auto",
            "spanNulls": false,
            "stacking": {
              "group": "A",
              "mode": "normal"
            },
            "thresholdsStyle": {
              "mode": "off"
            }
          },
          "mappings": [],
          "thresholds": {
            "mode": "absolute",
            "steps": [
              {
                "color": "green",
                "value": null
              },
              {
                "color": "red",
                "value": 80
              }
            ]
          },
          "unitScale": true
        },
        "overrides": []
      },
      "gridPos": {
        "h": 9,
        "w": 12,
        "x": 0,
        "y": 0
      },
      "id": 2,
      "options": {
        "legend": {
          "calcs": [
            "max",
            "mean",
            "lastNotNull"
          ],
          "displayMode": "table",
          "placement": "right",
          "showLegend": true
        },
        "tooltip": {
          "mode": "single",
          "sort": "none"
        }
      },
      "targets": [
        {
          "alias": "In Feedback",
          "datasource": {
            "type": "influxdb",
            "uid": "000000001"
          },
          "groupBy": [
            {
              "params": [
                "$__interval"
              ],
              "type": "time"
            },
            {
              "params": [
                "none"
              ],
              "type": "fill"
            }
          ],
          "hide": false,
          "measurement": "slo",
          "orderByTime": "ASC",
          "policy": "default",
          "refId": "A",
          "resultFormat": "time_series",
          "select": [
            [
              {
                "params": [
                  "count"
                ],
                "type": "field"
              },
              {
                "params": [],
                "type": "mean"
              }
            ]
          ],
          "tags": [
            {
              "key": "team",
              "operator": "=",
              "value": "\"QE Tools\""
            },
            {
              "condition": "AND",
              "key": "title",
              "operator": "=",
              "value": "\"Combined Backlog (dev+infra)\""
            },
            {
              "condition": "AND",
              "key": "status",
              "operator": "=",
              "value": "\"Feedback\""
            }
          ]
        },
        {
          "alias": "In Progress",
          "datasource": {
            "type": "influxdb",
            "uid": "000000001"
          },
          "groupBy": [
            {
              "params": [
                "$__interval"
              ],
              "type": "time"
            },
            {
              "params": [
                "none"
              ],
              "type": "fill"
            }
          ],
          "hide": false,
          "measurement": "slo",
          "orderByTime": "ASC",
          "policy": "default",
          "refId": "B",
          "resultFormat": "time_series",
          "select": [
            [
              {
                "params": [
                  "count"
                ],
                "type": "field"
              },
              {
                "params": [],
                "type": "mean"
              }
            ]
          ],
          "tags": [
            {
              "key": "team",
              "operator": "=",
              "value": "\"QE Tools\""
            },
            {
              "condition": "AND",
              "key": "title",
              "operator": "=",
              "value": "\"Combined Backlog (dev+infra)\""
            },
            {
              "condition": "AND",
              "key": "status",
              "operator": "=",
              "value": "\"In Progress\""
            }
          ]
        },
        {
          "alias": "New",
          "datasource": {
            "type": "influxdb",
            "uid": "000000001"
          },
          "groupBy": [
            {
              "params": [
                "$__interval"
              ],
              "type": "time"
            },
            {
              "params": [
                "none"
              ],
              "type": "fill"
            }
          ],
          "hide": false,
          "measurement": "slo",
          "orderByTime": "ASC",
          "policy": "default",
          "refId": "C",
          "resultFormat": "time_series",
          "select": [
            [
              {
                "params": [
                  "count"
                ],
                "type": "field"
              },
              {
                "params": [],
                "type": "mean"
              }
            ]
          ],
          "tags": [
            {
              "key": "team",
              "operator": "=",
              "value": "\"QE Tools\""
            },
            {
              "condition": "AND",
              "key": "title",
              "operator": "=",
              "value": "\"Combined Backlog (dev+infra)\""
            },
            {
              "condition": "AND",
              "key": "status",
              "operator": "=",
              "value": "\"New\""
            }
          ]
        },
        {
          "alias": "Workable",
          "datasource": {
            "type": "influxdb",
            "uid": "000000001"
          },
          "groupBy": [
            {
              "params": [
                "$__interval"
              ],
              "type": "time"
            },
            {
              "params": [
                "none"
              ],
              "type": "fill"
            }
          ],
          "hide": false,
          "measurement": "slo",
          "orderByTime": "ASC",
          "policy": "default",
          "refId": "D",
          "resultFormat": "time_series",
          "select": [
            [
              {
                "params": [
                  "count"
                ],
                "type": "field"
              },
              {
                "params": [],
                "type": "mean"
              }
            ]
          ],
          "tags": [
            {
              "key": "team",
              "operator": "=",
              "value": "\"QE Tools\""
            },
            {
              "condition": "AND",
              "key": "title",
              "operator": "=",
              "value": "\"Combined Backlog (dev+infra)\""
            },
            {
              "condition": "AND",
              "key": "status",
              "operator": "=",
              "value": "\"Workable\""
            }
          ]
        },
        {
          "alias": "Blocked",
          "datasource": {
            "type": "influxdb",
            "uid": "000000001"
          },
          "groupBy": [
            {
              "params": [
                "$__interval"
              ],
              "type": "time"
            },
            {
              "params": [
                "none"
              ],
              "type": "fill"
            }
          ],
          "hide": false,
          "measurement": "slo",
          "orderByTime": "ASC",
          "policy": "default",
          "refId": "E",
          "resultFormat": "time_series",
          "select": [
            [
              {
                "params": [
                  "count"
                ],
                "type": "field"
              },
              {
                "params": [],
                "type": "mean"
              }
            ]
          ],
          "tags": [
            {
              "key": "team",
              "operator": "=",
              "value": "\"QE Tools\""
            },
            {
              "condition": "AND",
              "key": "title",
              "operator": "=",
              "value": "\"Combined Backlog (dev+infra)\""
            },
            {
              "condition": "AND",
              "key": "status",
              "operator": "=",
              "value": "\"Blocked\""
            }
          ]
        }
      ],
      "title": "QE Tools backlog - stacked",
      "type": "timeseries"
    },
    {
      "datasource": {
        "type": "influxdb",
        "uid": "000000001"
      },
      "description": "- Lead time measures the total time from when a task is created until it is completed, this is our overall responsiveness.\n- Cycle time starts when work begins on a task and ends when it is finished, this is our efficiency.\n\nA short lead time means faster response to new task, while a lower cycle time indicates smooth task execution. Longer times may signal bottlenecks or complex work.\n\nMore details: [team wiki](https://progress.opensuse.org/projects/qa/wiki/Tools#How-we-work-on-our-backlog)",
      "fieldConfig": {
        "defaults": {
          "color": {
            "mode": "palette-classic"
          },
          "custom": {
            "axisBorderShow": false,
            "axisCenteredZero": false,
            "axisColorMode": "text",
            "axisLabel": "days",
            "axisPlacement": "auto",
            "axisSoftMin": 0,
            "barAlignment": 0,
            "drawStyle": "points",
            "fillOpacity": 0,
            "gradientMode": "none",
            "hideFrom": {
              "legend": false,
              "tooltip": false,
              "viz": false
            },
            "insertNulls": false,
            "lineInterpolation": "smooth",
            "lineWidth": 1,
            "pointSize": 5,
            "scaleDistribution": {
              "log": 10,
              "type": "symlog"
            },
            "showPoints": "auto",
            "spanNulls": false,
            "stacking": {
              "group": "A",
              "mode": "none"
            },
            "thresholdsStyle": {
              "mode": "line+area"
            }
          },
          "mappings": [],
          "min": 0,
          "thresholds": {
            "mode": "absolute",
            "steps": [
              {
                "color": "green",
                "value": null
              },
              {
                "color": "red",
                "value": 80
              }
            ]
          },
          "unitScale": true
        },
        "overrides": [
          {
            "matcher": {
              "id": "byFrameRefID",
              "options": "C"
            },
            "properties": [
              {
                "id": "custom.drawStyle",
                "value": "line"
              },
              {
                "id": "custom.lineWidth",
                "value": 2
              }
            ]
          },
          {
            "matcher": {
              "id": "byFrameRefID",
              "options": "D"
            },
            "properties": [
              {
                "id": "custom.drawStyle",
                "value": "line"
              },
              {
                "id": "custom.lineWidth",
                "value": 2
              }
            ]
          }
        ]
      },
      "gridPos": {
        "h": 8,
        "w": 12,
        "x": 12,
        "y": 0
      },
      "id": 4,
      "interval": "1d",
      "options": {
        "legend": {
          "calcs": [
            "max",
            "mean",
            "stdDev"
          ],
          "displayMode": "table",
          "placement": "right",
          "showLegend": true
        },
        "tooltip": {
          "mode": "single",
          "sort": "none"
        }
      },
      "targets": [
        {
          "alias": "mean cycleTime",
          "datasource": {
            "type": "influxdb",
            "uid": "000000001"
          },
          "groupBy": [
            {
              "params": [
                "$__interval"
              ],
              "type": "time"
            },
            {
              "params": [
                "null"
              ],
              "type": "fill"
            }
          ],
          "measurement": "leadTime",
          "orderByTime": "ASC",
          "policy": "default",
          "query": "SELECT ((sum(\"cycleTimeSum\") / sum(\"count\")))/24 FROM \"leadTime\" WHERE (\"team\" = '\"QE Tools\"' AND \"status\" = '\"Resolved\"') AND $timeFilter GROUP BY time($__interval) fill(none)",
          "rawQuery": true,
          "refId": "A",
          "resultFormat": "time_series",
          "select": [
            [
              {
                "params": [
                  "value"
                ],
                "type": "field"
              },
              {
                "params": [],
                "type": "mean"
              }
            ]
          ],
          "tags": []
        },
        {
          "alias": "mean leadTime",
          "datasource": {
            "type": "influxdb",
            "uid": "000000001"
          },
          "hide": false,
          "query": "SELECT ((sum(\"leadTimeSum\") / sum(\"count\")))/24 FROM \"leadTime\" WHERE (\"team\" = '\"QE Tools\"' AND \"status\" = '\"Resolved\"') AND $timeFilter GROUP BY time($__interval) fill(none)",
          "rawQuery": true,
          "refId": "B",
          "resultFormat": "time_series"
        },
        {
          "alias": "cycleTime 10d avg",
          "datasource": {
            "type": "influxdb",
            "uid": "000000001"
          },
          "hide": false,
          "query": "SELECT ((sum(\"cycleTimeSum\") / sum(\"count\")))/24 FROM \"leadTime\" WHERE (\"team\" = '\"QE Tools\"' AND \"status\" = '\"Resolved\"') AND $timeFilter GROUP BY time($__interval*10) fill(none)",
          "rawQuery": true,
          "refId": "C",
          "resultFormat": "time_series"
        },
        {
          "alias": "cycleTime 30d avg",
          "datasource": {
            "type": "influxdb",
            "uid": "000000001"
          },
          "hide": false,
          "query": "SELECT ((sum(\"cycleTimeSum\") / sum(\"count\")))/24 FROM \"leadTime\" WHERE (\"team\" = '\"QE Tools\"' AND \"status\" = '\"Resolved\"') AND $timeFilter GROUP BY time($__interval*30) fill(none)",
          "rawQuery": true,
          "refId": "D",
          "resultFormat": "time_series"
        }
      ],
      "title": "QE Tools Team Lead & Cycle Time",
      "type": "timeseries"
    },
    {
      "datasource": {
        "type": "influxdb",
        "uid": "000000001"
      },
      "fieldConfig": {
        "defaults": {
          "color": {
            "mode": "palette-classic"
          },
          "custom": {
            "axisBorderShow": false,
            "axisCenteredZero": false,
            "axisColorMode": "text",
            "axisLabel": "",
            "axisPlacement": "auto",
            "axisSoftMin": 0,
            "barAlignment": 0,
            "drawStyle": "line",
            "fillOpacity": 80,
            "gradientMode": "opacity",
            "hideFrom": {
              "legend": false,
              "tooltip": false,
              "viz": false
            },
            "insertNulls": false,
            "lineInterpolation": "stepBefore",
            "lineStyle": {
              "fill": "solid"
            },
            "lineWidth": 1,
            "pointSize": 5,
            "scaleDistribution": {
              "type": "linear"
            },
            "showPoints": "auto",
            "spanNulls": false,
            "stacking": {
              "group": "A",
              "mode": "none"
            },
            "thresholdsStyle": {
              "mode": "off"
            }
          },
          "decimals": 0,
          "mappings": [],
          "min": 0,
          "thresholds": {
            "mode": "absolute",
            "steps": [
              {
                "color": "green",
                "value": null
              },
              {
                "color": "red",
                "value": 80
              }
            ]
          },
          "unitScale": true
        },
        "overrides": []
      },
      "gridPos": {
        "h": 8,
        "w": 12,
        "x": 0,
        "y": 9
      },
      "id": 6,
      "options": {
        "legend": {
          "calcs": [
            "last"
          ],
          "displayMode": "table",
          "placement": "right",
          "showLegend": true
        },
        "tooltip": {
          "mode": "single",
          "sort": "none"
        }
      },
      "targets": [
        {
          "alias": "Closed Tickets",
          "datasource": {
            "type": "influxdb",
            "uid": "000000001"
          },
          "groupBy": [
            {
              "params": [
                "$__interval"
              ],
              "type": "time"
            },
            {
              "params": [
                "none"
              ],
              "type": "fill"
            }
          ],
          "measurement": "leadTime",
          "orderByTime": "ASC",
          "policy": "default",
          "refId": "A",
          "resultFormat": "time_series",
          "select": [
            [
              {
                "params": [
                  "count"
                ],
                "type": "field"
              },
              {
                "params": [],
                "type": "sum"
              }
            ]
          ],
          "tags": [
            {
              "key": "team",
              "operator": "=",
              "value": "\"QE Tools\""
            },
            {
              "condition": "AND",
              "key": "title",
              "operator": "=",
              "value": "\"Closed yesterday\""
            },
            {
              "condition": "AND",
              "key": "status",
              "operator": "=",
              "value": "\"Resolved\""
            }
          ]
        }
      ],
      "title": "QE Tools - closed tickets",
      "type": "timeseries"
    }
  ],
  "refresh": "30m",
  "revision": 1,
  "schemaVersion": 39,
  "tags": [],
  "templating": {
    "list": []
  },
  "time": {
    "from": "now-30d",
    "to": "now"
  },
  "timepicker": {},
  "timezone": "",
  "title": "Agile",
  "uid": "ck8uu5f4z",
  "version": 18,
  "weekStart": ""
}