{
  "annotations": {
    "list": [
      {
        "builtIn": 1,
        "datasource": {
          "type": "datasource",
          "uid": "grafana"
        },
        "enable": true,
        "hide": true,
        "iconColor": "rgba(0, 211, 255, 1)",
        "name": "Annotations & Alerts",
        "target": {
          "limit": 100,
          "matchAny": false,
          "tags": [],
          "type": "dashboard"
        },
        "type": "dashboard"
      }
    ]
  },
  "editable": true,
  "fiscalYearStartMonth": 0,
  "graphTooltip": 0,
  "links": [],
  "liveNow": false,
  "panels": [
    {
      "datasource": {
        "type": "influxdb",
        "uid": "000000001"
      },
      "description": "## Time to starting of tests on openqa.suse.de \n\nhow long does it take maximum that a test on openqa.suse.de starts; *purpose:* How users/teams/departments can integrate openQA tests into their own processes; *presentation:* time ranges as statistical values, e.g. mean+-std, median, percentiles as numbers as well as graphs for progress.\n\nhttps://progress.opensuse.org/issues/65975",
      "fieldConfig": {
        "defaults": {
          "color": {
            "mode": "thresholds"
          },
          "mappings": [
            {
              "options": {
                "match": "null",
                "result": {
                  "text": "N/A"
                }
              },
              "type": "special"
            }
          ],
          "thresholds": {
            "mode": "absolute",
            "steps": [
              {
                "color": "#37872D",
                "value": null
              },
              {
                "color": "rgba(237, 129, 40, 0.89)",
                "value": 7200
              },
              {
                "color": "#d44a3a",
                "value": 14400
              }
            ]
          },
          "unit": "dtdurations"
        },
        "overrides": []
      },
      "gridPos": {
        "h": 8,
        "w": 12,
        "x": 0,
        "y": 0
      },
      "id": 11,
      "interval": "2m",
      "links": [],
      "maxDataPoints": 100,
      "options": {
        "colorMode": "background",
        "graphMode": "none",
        "justifyMode": "auto",
        "orientation": "horizontal",
        "reduceOptions": {
          "calcs": [
            "min"
          ],
          "fields": "",
          "values": false
        },
        "textMode": "auto"
      },
      "pluginVersion": "10.1.5",
      "targets": [
        {
          "datasource": {
            "type": "influxdb",
            "uid": "000000001"
          },
          "groupBy": [
            {
              "params": [
                "$__interval"
              ],
              "type": "time"
            },
            {
              "params": [
                "null"
              ],
              "type": "fill"
            }
          ],
          "measurement": "postgresql",
          "orderByTime": "ASC",
          "policy": "default",
          "refId": "A",
          "resultFormat": "time_series",
          "select": [
            [
              {
                "params": [
                  "job_age_p50"
                ],
                "type": "field"
              },
              {
                "params": [],
                "type": "median"
              }
            ]
          ],
          "tags": []
        }
      ],
      "title": "Job age (scheduled) (median value of best case machine classes)",
      "type": "stat"
    },
    {
      "datasource": {
        "type": "influxdb",
        "uid": "000000001"
      },
      "description": "## Time to starting of tests on openqa.suse.de (p99, long tail, worst case excluding likely configuration errors)\n\nhow long does it take maximum that a test on openqa.suse.de starts; *purpose:* How users/teams/departments can integrate openQA tests into their own processes; *presentation:* time ranges as statistical values, e.g. mean+-std, median, percentiles as numbers as well as graphs for progress.\n\nhttps://progress.opensuse.org/issues/65975",
      "fieldConfig": {
        "defaults": {
          "color": {
            "mode": "thresholds"
          },
          "mappings": [
            {
              "options": {
                "match": "null",
                "result": {
                  "text": "N/A"
                }
              },
              "type": "special"
            }
          ],
          "thresholds": {
            "mode": "absolute",
            "steps": [
              {
                "color": "#37872D",
                "value": null
              },
              {
                "color": "rgba(237, 129, 40, 0.89)",
                "value": 28800
              },
              {
                "color": "#d44a3a",
                "value": 86400
              }
            ]
          },
          "unit": "dtdurations"
        },
        "overrides": []
      },
      "gridPos": {
        "h": 8,
        "w": 12,
        "x": 12,
        "y": 0
      },
      "id": 12,
      "interval": "2m",
      "links": [],
      "maxDataPoints": 100,
      "options": {
        "colorMode": "background",
        "graphMode": "none",
        "justifyMode": "auto",
        "orientation": "horizontal",
        "reduceOptions": {
          "calcs": [
            "min"
          ],
          "fields": "",
          "values": false
        },
        "textMode": "auto"
      },
      "pluginVersion": "10.1.5",
      "targets": [
        {
          "alias": "job_age_p99_mean",
          "datasource": {
            "type": "influxdb",
            "uid": "000000001"
          },
          "groupBy": [
            {
              "params": [
                "$__interval"
              ],
              "type": "time"
            },
            {
              "params": [
                "null"
              ],
              "type": "fill"
            }
          ],
          "measurement": "postgresql",
          "orderByTime": "ASC",
          "policy": "default",
          "refId": "A",
          "resultFormat": "time_series",
          "select": [
            [
              {
                "params": [
                  "job_age_p99"
                ],
                "type": "field"
              },
              {
                "params": [],
                "type": "mean"
              }
            ]
          ],
          "tags": []
        }
      ],
      "title": "Job age (scheduled) (p99, long tail, min value of worst case machine classes)",
      "type": "stat"
    },
    {
      "alert": {
        "alertRuleTags": {},
        "conditions": [
          {
            "evaluator": {
              "params": [
                259200
              ],
              "type": "gt"
            },
            "operator": {
              "type": "and"
            },
            "query": {
              "params": [
                "A",
                "15m",
                "now"
              ]
            },
            "reducer": {
              "params": [],
              "type": "median"
            },
            "type": "query"
          }
        ],
        "executionErrorState": "keep_state",
        "for": "3h",
        "frequency": "5m",
        "handler": 1,
        "message": "Check for overall decrease of \"time to start\".\n\nPossible reasons for regression:\n\n* Not enough ressources\n* Too many tests scheduled due to misconfiguration\n\n2020-11-27: Alert limit set to 259200s = 3d, see https://progress.opensuse.org/issues/73174#note-2 about the decision\n\nRelated progress issue: https://progress.opensuse.org/issues/65975",
        "name": "Job age (scheduled) (median) alert",
        "noDataState": "keep_state",
        "notifications": [
          {
            "uid": "2ACofrdWz"
          }
        ]
      },
      "datasource": {
        "type": "influxdb",
        "uid": "000000001"
      },
      "description": "## Time to starting of tests on openqa.suse.de \n\nhow long does it take maximum that a test on openqa.suse.de starts; *purpose:* How users/teams/departments can integrate openQA tests into their own processes; *presentation:* time ranges as statistical values, e.g. mean+-std, median, percentiles as numbers as well as graphs for progress.\n\nhttps://progress.opensuse.org/issues/65975",
      "fieldConfig": {
        "defaults": {
          "color": {
            "mode": "palette-classic"
          },
          "custom": {
            "axisCenteredZero": false,
            "axisColorMode": "text",
            "axisLabel": "age",
            "axisPlacement": "auto",
            "barAlignment": 0,
            "drawStyle": "line",
            "fillOpacity": 10,
            "gradientMode": "none",
            "hideFrom": {
              "legend": false,
              "tooltip": false,
              "viz": false
            },
            "insertNulls": false,
            "lineInterpolation": "linear",
            "lineWidth": 1,
            "pointSize": 5,
            "scaleDistribution": {
              "type": "linear"
            },
            "showPoints": "never",
            "spanNulls": false,
            "stacking": {
              "group": "A",
              "mode": "none"
            },
            "thresholdsStyle": {
              "mode": "line+area"
            }
          },
          "links": [],
          "mappings": [],
          "min": 0,
          "thresholds": {
            "mode": "absolute",
            "steps": [
              {
                "color": "transparent",
                "value": null
              },
              {
                "color": "red",
                "value": 259200
              }
            ]
          },
          "unit": "dthms"
        },
        "overrides": []
      },
      "gridPos": {
        "h": 7,
        "w": 24,
        "x": 0,
        "y": 8
      },
      "id": 5,
      "interval": "2m",
      "options": {
        "legend": {
          "calcs": [
            "mean",
            "max",
            "min"
          ],
          "displayMode": "list",
          "placement": "right",
          "showLegend": true
        },
        "tooltip": {
          "mode": "multi",
          "sort": "none"
        }
      },
      "pluginVersion": "10.1.5",
      "targets": [
        {
          "alias": "50% percentile (median)",
          "datasource": {
            "type": "influxdb",
            "uid": "000000001"
          },
          "groupBy": [
            {
              "params": [
                "$__interval"
              ],
              "type": "time"
            },
            {
              "params": [
                "null"
              ],
              "type": "fill"
            }
          ],
          "hide": false,
          "measurement": "postgresql",
          "orderByTime": "ASC",
          "policy": "default",
          "query": "SELECT mean(\"value\") FROM \"measurement\" WHERE $timeFilter GROUP BY time($__interval) fill(null)",
          "rawQuery": false,
          "refId": "A",
          "resultFormat": "time_series",
          "select": [
            [
              {
                "params": [
                  "job_age_p50"
                ],
                "type": "field"
              },
              {
                "params": [],
                "type": "median"
              }
            ]
          ],
          "tags": []
        },
        {
          "alias": "90% percentile (median)",
          "datasource": {
            "type": "influxdb",
            "uid": "000000001"
          },
          "groupBy": [
            {
              "params": [
                "$__interval"
              ],
              "type": "time"
            },
            {
              "params": [
                "null"
              ],
              "type": "fill"
            }
          ],
          "hide": false,
          "measurement": "postgresql",
          "orderByTime": "ASC",
          "policy": "default",
          "query": "SELECT mean(\"value\") FROM \"measurement\" WHERE $timeFilter GROUP BY time($__interval) fill(null)",
          "rawQuery": false,
          "refId": "B",
          "resultFormat": "time_series",
          "select": [
            [
              {
                "params": [
                  "job_age_p90"
                ],
                "type": "field"
              },
              {
                "params": [],
                "type": "median"
              }
            ]
          ],
          "tags": []
        },
        {
          "alias": "99% percentile (median)",
          "datasource": {
            "type": "influxdb",
            "uid": "000000001"
          },
          "groupBy": [
            {
              "params": [
                "$__interval"
              ],
              "type": "time"
            },
            {
              "params": [
                "null"
              ],
              "type": "fill"
            }
          ],
          "hide": false,
          "measurement": "postgresql",
          "orderByTime": "ASC",
          "policy": "default",
          "query": "SELECT mean(\"value\") FROM \"measurement\" WHERE $timeFilter GROUP BY time($__interval) fill(null)",
          "rawQuery": false,
          "refId": "C",
          "resultFormat": "time_series",
          "select": [
            [
              {
                "params": [
                  "job_age_p99"
                ],
                "type": "field"
              },
              {
                "params": [],
                "type": "median"
              }
            ]
          ],
          "tags": []
        },
        {
          "alias": "100% percentile (median)",
          "datasource": {
            "type": "influxdb",
            "uid": "000000001"
          },
          "groupBy": [
            {
              "params": [
                "$__interval"
              ],
              "type": "time"
            },
            {
              "params": [
                "null"
              ],
              "type": "fill"
            }
          ],
          "hide": false,
          "measurement": "postgresql",
          "orderByTime": "ASC",
          "policy": "default",
          "query": "SELECT mean(\"value\") FROM \"measurement\" WHERE $timeFilter GROUP BY time($__interval) fill(null)",
          "rawQuery": false,
          "refId": "D",
          "resultFormat": "time_series",
          "select": [
            [
              {
                "params": [
                  "job_age_p100"
                ],
                "type": "field"
              },
              {
                "params": [],
                "type": "median"
              }
            ]
          ],
          "tags": []
        }
      ],
      "title": "Job age (scheduled) (median)",
      "type": "timeseries"
    },
    {
      "alert": {
        "alertRuleTags": {},
        "conditions": [
          {
            "evaluator": {
              "params": [
                345600
              ],
              "type": "gt"
            },
            "operator": {
              "type": "and"
            },
            "query": {
              "params": [
                "A",
                "5m",
                "now"
              ]
            },
            "reducer": {
              "params": [],
              "type": "last"
            },
            "type": "query"
          }
        ],
        "executionErrorState": "keep_state",
        "for": "3h",
        "frequency": "1h",
        "handler": 1,
        "message": "Jobs not scheduled for 4 days (345600s).\n\nPossible reasons:\n\n* There are no online workers for selected scheduled jobs, misconfiguration on the side of tests likely\n\nSee https://progress.opensuse.org/issues/73174#note-2 for an explanation of the selection of the specific value",
        "name": "Job age (scheduled) (max) alert",
        "noDataState": "keep_state",
        "notifications": [
          {
            "uid": "2ACofrdWz"
          }
        ]
      },
      "datasource": {
        "type": "influxdb",
        "uid": "000000001"
      },
      "description": "## Time to starting of tests on openqa.suse.de \n\nhow long does it take maximum that a test on openqa.suse.de starts; *purpose:* How users/teams/departments can integrate openQA tests into their own processes; *presentation:* time ranges as statistical values, e.g. mean+-std, median, percentiles as numbers as well as graphs for progress.\n\nMaximum value over all arch+machine values\n\nhttps://progress.opensuse.org/issues/65975",
      "fieldConfig": {
        "defaults": {
          "color": {
            "mode": "palette-classic"
          },
          "custom": {
            "axisCenteredZero": false,
            "axisColorMode": "text",
            "axisLabel": "age",
            "axisPlacement": "auto",
            "barAlignment": 0,
            "drawStyle": "line",
            "fillOpacity": 10,
            "gradientMode": "none",
            "hideFrom": {
              "legend": false,
              "tooltip": false,
              "viz": false
            },
            "insertNulls": false,
            "lineInterpolation": "linear",
            "lineWidth": 1,
            "pointSize": 5,
            "scaleDistribution": {
              "type": "linear"
            },
            "showPoints": "never",
            "spanNulls": false,
            "stacking": {
              "group": "A",
              "mode": "none"
            },
            "thresholdsStyle": {
              "mode": "line+area"
            }
          },
          "links": [],
          "mappings": [],
          "min": 0,
          "thresholds": {
            "mode": "absolute",
            "steps": [
              {
                "color": "transparent",
                "value": null
              },
              {
                "color": "red",
                "value": 345600
              }
            ]
          },
          "unit": "dthms"
        },
        "overrides": []
      },
      "gridPos": {
        "h": 8,
        "w": 8,
        "x": 0,
        "y": 15
      },
      "id": 2,
      "interval": "2m",
      "options": {
        "legend": {
          "calcs": [],
          "displayMode": "list",
          "placement": "bottom",
          "showLegend": true
        },
        "tooltip": {
          "mode": "multi",
          "sort": "none"
        }
      },
      "pluginVersion": "10.1.5",
      "targets": [
        {
          "alias": "50% percentile (max)",
          "datasource": {
            "type": "influxdb",
            "uid": "000000001"
          },
          "groupBy": [
            {
              "params": [
                "$__interval"
              ],
              "type": "time"
            },
            {
              "params": [
                "null"
              ],
              "type": "fill"
            }
          ],
          "hide": false,
          "measurement": "postgresql",
          "orderByTime": "ASC",
          "policy": "default",
          "query": "SELECT mean(\"value\") FROM \"measurement\" WHERE $timeFilter GROUP BY time($__interval) fill(null)",
          "rawQuery": false,
          "refId": "A",
          "resultFormat": "time_series",
          "select": [
            [
              {
                "params": [
                  "job_age_p50"
                ],
                "type": "field"
              },
              {
                "params": [],
                "type": "mean"
              }
            ]
          ],
          "tags": []
        },
        {
          "alias": "90% percentile (max)",
          "datasource": {
            "type": "influxdb",
            "uid": "000000001"
          },
          "groupBy": [
            {
              "params": [
                "$__interval"
              ],
              "type": "time"
            },
            {
              "params": [
                "null"
              ],
              "type": "fill"
            }
          ],
          "hide": false,
          "measurement": "postgresql",
          "orderByTime": "ASC",
          "policy": "default",
          "query": "SELECT mean(\"value\") FROM \"measurement\" WHERE $timeFilter GROUP BY time($__interval) fill(null)",
          "rawQuery": false,
          "refId": "B",
          "resultFormat": "time_series",
          "select": [
            [
              {
                "params": [
                  "job_age_p90"
                ],
                "type": "field"
              },
              {
                "params": [],
                "type": "mean"
              }
            ]
          ],
          "tags": []
        },
        {
          "alias": "99% percentile (max)",
          "datasource": {
            "type": "influxdb",
            "uid": "000000001"
          },
          "groupBy": [
            {
              "params": [
                "$__interval"
              ],
              "type": "time"
            },
            {
              "params": [
                "null"
              ],
              "type": "fill"
            }
          ],
          "hide": false,
          "measurement": "postgresql",
          "orderByTime": "ASC",
          "policy": "default",
          "query": "SELECT mean(\"value\") FROM \"measurement\" WHERE $timeFilter GROUP BY time($__interval) fill(null)",
          "rawQuery": false,
          "refId": "C",
          "resultFormat": "time_series",
          "select": [
            [
              {
                "params": [
                  "job_age_p99"
                ],
                "type": "field"
              },
              {
                "params": [],
                "type": "mean"
              }
            ]
          ],
          "tags": []
        },
        {
          "alias": "100% percentile (max)",
          "datasource": {
            "type": "influxdb",
            "uid": "000000001"
          },
          "groupBy": [
            {
              "params": [
                "$__interval"
              ],
              "type": "time"
            },
            {
              "params": [
                "null"
              ],
              "type": "fill"
            }
          ],
          "hide": false,
          "measurement": "postgresql",
          "orderByTime": "ASC",
          "policy": "default",
          "query": "SELECT mean(\"value\") FROM \"measurement\" WHERE $timeFilter GROUP BY time($__interval) fill(null)",
          "rawQuery": false,
          "refId": "D",
          "resultFormat": "time_series",
          "select": [
            [
              {
                "params": [
                  "job_age_p100"
                ],
                "type": "field"
              },
              {
                "params": [],
                "type": "mean"
              }
            ]
          ],
          "tags": []
        }
      ],
      "title": "Job age (scheduled) (max)",
      "type": "timeseries"
    },
    {
      "datasource": {
        "type": "influxdb",
        "uid": "000000001"
      },
      "description": "## Time to starting of tests on openqa.suse.de \n\nhow long does it take maximum that a test on openqa.suse.de starts; *purpose:* How users/teams/departments can integrate openQA tests into their own processes; *presentation:* time ranges as statistical values, e.g. mean+-std, median, percentiles as numbers as well as graphs for progress.\n\nhttps://progress.opensuse.org/issues/65975",
      "fieldConfig": {
        "defaults": {
          "color": {
            "mode": "palette-classic"
          },
          "custom": {
            "axisCenteredZero": false,
            "axisColorMode": "text",
            "axisLabel": "age",
            "axisPlacement": "auto",
            "barAlignment": 0,
            "drawStyle": "line",
            "fillOpacity": 10,
            "gradientMode": "none",
            "hideFrom": {
              "legend": false,
              "tooltip": false,
              "viz": false
            },
            "insertNulls": false,
            "lineInterpolation": "linear",
            "lineWidth": 1,
            "pointSize": 5,
            "scaleDistribution": {
              "type": "linear"
            },
            "showPoints": "never",
            "spanNulls": false,
            "stacking": {
              "group": "A",
              "mode": "none"
            },
            "thresholdsStyle": {
              "mode": "off"
            }
          },
          "links": [],
          "mappings": [],
          "min": 0,
          "thresholds": {
            "mode": "absolute",
            "steps": [
              {
                "color": "green",
                "value": null
              },
              {
                "color": "red",
                "value": 80
              }
            ]
          },
          "unit": "dthms"
        },
        "overrides": []
      },
      "gridPos": {
        "h": 8,
        "w": 16,
        "x": 8,
        "y": 15
      },
      "id": 4,
      "interval": "2m",
      "options": {
        "legend": {
          "calcs": [],
          "displayMode": "list",
          "placement": "bottom",
          "showLegend": true
        },
        "tooltip": {
          "mode": "multi",
          "sort": "none"
        }
      },
      "pluginVersion": "10.1.5",
      "targets": [
        {
          "alias": "50% percentile ($tag_machine_class)",
          "datasource": {
            "type": "influxdb",
            "uid": "000000001"
          },
          "groupBy": [
            {
              "params": [
                "$__interval"
              ],
              "type": "time"
            },
            {
              "params": [
                "machine_class"
              ],
              "type": "tag"
            },
            {
              "params": [
                "null"
              ],
              "type": "fill"
            }
          ],
          "hide": false,
          "measurement": "postgresql",
          "orderByTime": "ASC",
          "policy": "default",
          "query": "SELECT mean(\"value\") FROM \"measurement\" WHERE $timeFilter GROUP BY time($__interval) fill(null)",
          "rawQuery": false,
          "refId": "A",
          "resultFormat": "time_series",
          "select": [
            [
              {
                "params": [
                  "job_age_p50"
                ],
                "type": "field"
              },
              {
                "params": [],
                "type": "mean"
              }
            ]
          ],
          "tags": []
        },
        {
          "alias": "90% percentile ($tag_machine_class)",
          "datasource": {
            "type": "influxdb",
            "uid": "000000001"
          },
          "groupBy": [
            {
              "params": [
                "$__interval"
              ],
              "type": "time"
            },
            {
              "params": [
                "machine_class"
              ],
              "type": "tag"
            },
            {
              "params": [
                "null"
              ],
              "type": "fill"
            }
          ],
          "hide": false,
          "measurement": "postgresql",
          "orderByTime": "ASC",
          "policy": "default",
          "query": "SELECT mean(\"value\") FROM \"measurement\" WHERE $timeFilter GROUP BY time($__interval) fill(null)",
          "rawQuery": false,
          "refId": "B",
          "resultFormat": "time_series",
          "select": [
            [
              {
                "params": [
                  "job_age_p90"
                ],
                "type": "field"
              },
              {
                "params": [],
                "type": "mean"
              }
            ]
          ],
          "tags": []
        },
        {
          "alias": "99% percentile ($tag_machine_class)",
          "datasource": {
            "type": "influxdb",
            "uid": "000000001"
          },
          "groupBy": [
            {
              "params": [
                "$__interval"
              ],
              "type": "time"
            },
            {
              "params": [
                "machine_class"
              ],
              "type": "tag"
            },
            {
              "params": [
                "null"
              ],
              "type": "fill"
            }
          ],
          "hide": false,
          "measurement": "postgresql",
          "orderByTime": "ASC",
          "policy": "default",
          "query": "SELECT mean(\"value\") FROM \"measurement\" WHERE $timeFilter GROUP BY time($__interval) fill(null)",
          "rawQuery": false,
          "refId": "C",
          "resultFormat": "time_series",
          "select": [
            [
              {
                "params": [
                  "job_age_p99"
                ],
                "type": "field"
              },
              {
                "params": [],
                "type": "mean"
              }
            ]
          ],
          "tags": []
        },
        {
          "alias": "100% percentile ($tag_machine_class)",
          "datasource": {
            "type": "influxdb",
            "uid": "000000001"
          },
          "groupBy": [
            {
              "params": [
                "$__interval"
              ],
              "type": "time"
            },
            {
              "params": [
                "machine_class"
              ],
              "type": "tag"
            },
            {
              "params": [
                "null"
              ],
              "type": "fill"
            }
          ],
          "hide": false,
          "measurement": "postgresql",
          "orderByTime": "ASC",
          "policy": "default",
          "query": "SELECT mean(\"value\") FROM \"measurement\" WHERE $timeFilter GROUP BY time($__interval) fill(null)",
          "rawQuery": false,
          "refId": "D",
          "resultFormat": "time_series",
          "select": [
            [
              {
                "params": [
                  "job_age_p100"
                ],
                "type": "field"
              },
              {
                "params": [],
                "type": "mean"
              }
            ]
          ],
          "tags": []
        }
      ],
      "title": "Job age (scheduled) by machine class",
      "type": "timeseries"
    },
    {
      "datasource": {
        "type": "influxdb",
        "uid": "000000001"
      },
      "description": "## Time to starting of tests on openqa.suse.de \n\nhow long does it take maximum that a test on openqa.suse.de starts; *purpose:* How users/teams/departments can integrate openQA tests into their own processes; *presentation:* time ranges as statistical values, e.g. mean+-std, median, percentiles as numbers as well as graphs for progress.\n\nhttps://progress.opensuse.org/issues/65975",
      "fieldConfig": {
        "defaults": {
          "color": {
            "mode": "palette-classic"
          },
          "custom": {
            "axisCenteredZero": false,
            "axisColorMode": "text",
            "axisLabel": "age",
            "axisPlacement": "auto",
            "barAlignment": 0,
            "drawStyle": "line",
            "fillOpacity": 10,
            "gradientMode": "none",
            "hideFrom": {
              "legend": false,
              "tooltip": false,
              "viz": false
            },
            "insertNulls": false,
            "lineInterpolation": "linear",
            "lineWidth": 1,
            "pointSize": 5,
            "scaleDistribution": {
              "type": "linear"
            },
            "showPoints": "never",
            "spanNulls": false,
            "stacking": {
              "group": "A",
              "mode": "none"
            },
            "thresholdsStyle": {
              "mode": "off"
            }
          },
          "links": [],
          "mappings": [],
          "min": 0,
          "thresholds": {
            "mode": "absolute",
            "steps": [
              {
                "color": "green",
                "value": null
              },
              {
                "color": "red",
                "value": 80
              }
            ]
          },
          "unit": "dthms"
        },
        "overrides": []
      },
      "gridPos": {
        "h": 8,
        "w": 12,
        "x": 0,
        "y": 23
      },
      "id": 6,
      "interval": "2m",
      "options": {
        "legend": {
          "calcs": [],
          "displayMode": "list",
          "placement": "bottom",
          "showLegend": true
        },
        "tooltip": {
          "mode": "multi",
          "sort": "none"
        }
      },
      "pluginVersion": "10.1.5",
      "targets": [
        {
          "alias": "50% percentile ($tag_machine_class)",
          "datasource": {
            "type": "influxdb",
            "uid": "000000001"
          },
          "groupBy": [
            {
              "params": [
                "$__interval"
              ],
              "type": "time"
            },
            {
              "params": [
                "machine_class"
              ],
              "type": "tag"
            },
            {
              "params": [
                "null"
              ],
              "type": "fill"
            }
          ],
          "hide": false,
          "measurement": "postgresql",
          "orderByTime": "ASC",
          "policy": "default",
          "query": "SELECT mean(\"value\") FROM \"measurement\" WHERE $timeFilter GROUP BY time($__interval) fill(null)",
          "rawQuery": false,
          "refId": "A",
          "resultFormat": "time_series",
          "select": [
            [
              {
                "params": [
                  "job_age_p50"
                ],
                "type": "field"
              },
              {
                "params": [],
                "type": "mean"
              }
            ]
          ],
          "tags": []
        }
      ],
      "title": "Job age p50 (scheduled) by machine class",
      "type": "timeseries"
    },
    {
      "datasource": {
        "type": "influxdb",
        "uid": "000000001"
      },
      "description": "## Time to starting of tests on openqa.suse.de \n\nhow long does it take maximum that a test on openqa.suse.de starts; *purpose:* How users/teams/departments can integrate openQA tests into their own processes; *presentation:* time ranges as statistical values, e.g. mean+-std, median, percentiles as numbers as well as graphs for progress.\n\nhttps://progress.opensuse.org/issues/65975",
      "fieldConfig": {
        "defaults": {
          "color": {
            "mode": "palette-classic"
          },
          "custom": {
            "axisCenteredZero": false,
            "axisColorMode": "text",
            "axisLabel": "age",
            "axisPlacement": "auto",
            "barAlignment": 0,
            "drawStyle": "line",
            "fillOpacity": 10,
            "gradientMode": "none",
            "hideFrom": {
              "legend": false,
              "tooltip": false,
              "viz": false
            },
            "insertNulls": false,
            "lineInterpolation": "linear",
            "lineWidth": 1,
            "pointSize": 5,
            "scaleDistribution": {
              "type": "linear"
            },
            "showPoints": "never",
            "spanNulls": false,
            "stacking": {
              "group": "A",
              "mode": "none"
            },
            "thresholdsStyle": {
              "mode": "off"
            }
          },
          "links": [],
          "mappings": [],
          "min": 0,
          "thresholds": {
            "mode": "absolute",
            "steps": [
              {
                "color": "green",
                "value": null
              },
              {
                "color": "red",
                "value": 80
              }
            ]
          },
          "unit": "dthms"
        },
        "overrides": []
      },
      "gridPos": {
        "h": 8,
        "w": 12,
        "x": 12,
        "y": 23
      },
      "id": 9,
      "interval": "2m",
      "options": {
        "legend": {
          "calcs": [],
          "displayMode": "list",
          "placement": "bottom",
          "showLegend": true
        },
        "tooltip": {
          "mode": "multi",
          "sort": "none"
        }
      },
      "pluginVersion": "10.1.5",
      "targets": [
        {
          "alias": "90% percentile ($tag_machine_class)",
          "datasource": {
            "type": "influxdb",
            "uid": "000000001"
          },
          "groupBy": [
            {
              "params": [
                "$__interval"
              ],
              "type": "time"
            },
            {
              "params": [
                "machine_class"
              ],
              "type": "tag"
            },
            {
              "params": [
                "null"
              ],
              "type": "fill"
            }
          ],
          "hide": false,
          "measurement": "postgresql",
          "orderByTime": "ASC",
          "policy": "default",
          "query": "SELECT mean(\"value\") FROM \"measurement\" WHERE $timeFilter GROUP BY time($__interval) fill(null)",
          "rawQuery": false,
          "refId": "A",
          "resultFormat": "time_series",
          "select": [
            [
              {
                "params": [
                  "job_age_p90"
                ],
                "type": "field"
              },
              {
                "params": [],
                "type": "mean"
              }
            ]
          ],
          "tags": []
        }
      ],
      "title": "Job age p90 (scheduled) by machine class",
      "type": "timeseries"
    },
    {
      "datasource": {
        "type": "influxdb",
        "uid": "000000001"
      },
      "description": "## Time to starting of tests on openqa.suse.de \n\nhow long does it take maximum that a test on openqa.suse.de starts; *purpose:* How users/teams/departments can integrate openQA tests into their own processes; *presentation:* time ranges as statistical values, e.g. mean+-std, median, percentiles as numbers as well as graphs for progress.\n\nhttps://progress.opensuse.org/issues/65975",
      "fieldConfig": {
        "defaults": {
          "color": {
            "mode": "palette-classic"
          },
          "custom": {
            "axisCenteredZero": false,
            "axisColorMode": "text",
            "axisLabel": "age",
            "axisPlacement": "auto",
            "barAlignment": 0,
            "drawStyle": "line",
            "fillOpacity": 10,
            "gradientMode": "none",
            "hideFrom": {
              "legend": false,
              "tooltip": false,
              "viz": false
            },
            "insertNulls": false,
            "lineInterpolation": "linear",
            "lineWidth": 1,
            "pointSize": 5,
            "scaleDistribution": {
              "type": "linear"
            },
            "showPoints": "never",
            "spanNulls": false,
            "stacking": {
              "group": "A",
              "mode": "none"
            },
            "thresholdsStyle": {
              "mode": "off"
            }
          },
          "links": [],
          "mappings": [],
          "min": 0,
          "thresholds": {
            "mode": "absolute",
            "steps": [
              {
                "color": "green",
                "value": null
              },
              {
                "color": "red",
                "value": 80
              }
            ]
          },
          "unit": "dthms"
        },
        "overrides": []
      },
      "gridPos": {
        "h": 8,
        "w": 12,
        "x": 0,
        "y": 31
      },
      "id": 8,
      "interval": "2m",
      "options": {
        "legend": {
          "calcs": [],
          "displayMode": "list",
          "placement": "bottom",
          "showLegend": true
        },
        "tooltip": {
          "mode": "multi",
          "sort": "none"
        }
      },
      "pluginVersion": "10.1.5",
      "targets": [
        {
          "alias": "99% percentile ($tag_machine_class)",
          "datasource": {
            "type": "influxdb",
            "uid": "000000001"
          },
          "groupBy": [
            {
              "params": [
                "$__interval"
              ],
              "type": "time"
            },
            {
              "params": [
                "machine_class"
              ],
              "type": "tag"
            },
            {
              "params": [
                "null"
              ],
              "type": "fill"
            }
          ],
          "hide": false,
          "measurement": "postgresql",
          "orderByTime": "ASC",
          "policy": "default",
          "query": "SELECT mean(\"value\") FROM \"measurement\" WHERE $timeFilter GROUP BY time($__interval) fill(null)",
          "rawQuery": false,
          "refId": "A",
          "resultFormat": "time_series",
          "select": [
            [
              {
                "params": [
                  "job_age_p99"
                ],
                "type": "field"
              },
              {
                "params": [],
                "type": "mean"
              }
            ]
          ],
          "tags": []
        }
      ],
      "title": "Job age p99 (scheduled) by machine class",
      "type": "timeseries"
    },
    {
      "datasource": {
        "type": "influxdb",
        "uid": "000000001"
      },
      "description": "## Time to starting of tests on openqa.suse.de \n\nhow long does it take maximum that a test on openqa.suse.de starts; *purpose:* How users/teams/departments can integrate openQA tests into their own processes; *presentation:* time ranges as statistical values, e.g. mean+-std, median, percentiles as numbers as well as graphs for progress.\n\nhttps://progress.opensuse.org/issues/65975",
      "fieldConfig": {
        "defaults": {
          "color": {
            "mode": "palette-classic"
          },
          "custom": {
            "axisCenteredZero": false,
            "axisColorMode": "text",
            "axisLabel": "age",
            "axisPlacement": "auto",
            "barAlignment": 0,
            "drawStyle": "line",
            "fillOpacity": 10,
            "gradientMode": "none",
            "hideFrom": {
              "legend": false,
              "tooltip": false,
              "viz": false
            },
            "insertNulls": false,
            "lineInterpolation": "linear",
            "lineWidth": 1,
            "pointSize": 5,
            "scaleDistribution": {
              "type": "linear"
            },
            "showPoints": "never",
            "spanNulls": false,
            "stacking": {
              "group": "A",
              "mode": "none"
            },
            "thresholdsStyle": {
              "mode": "off"
            }
          },
          "links": [],
          "mappings": [],
          "min": 0,
          "thresholds": {
            "mode": "absolute",
            "steps": [
              {
                "color": "green",
                "value": null
              },
              {
                "color": "red",
                "value": 80
              }
            ]
          },
          "unit": "dthms"
        },
        "overrides": []
      },
      "gridPos": {
        "h": 8,
        "w": 12,
        "x": 12,
        "y": 31
      },
      "id": 7,
      "interval": "2m",
      "options": {
        "legend": {
          "calcs": [],
          "displayMode": "list",
          "placement": "bottom",
          "showLegend": true
        },
        "tooltip": {
          "mode": "multi",
          "sort": "none"
        }
      },
      "pluginVersion": "10.1.5",
      "targets": [
        {
          "alias": "100% percentile ($tag_machine_class)",
          "datasource": {
            "type": "influxdb",
            "uid": "000000001"
          },
          "groupBy": [
            {
              "params": [
                "$__interval"
              ],
              "type": "time"
            },
            {
              "params": [
                "machine_class"
              ],
              "type": "tag"
            },
            {
              "params": [
                "null"
              ],
              "type": "fill"
            }
          ],
          "hide": false,
          "measurement": "postgresql",
          "orderByTime": "ASC",
          "policy": "default",
          "query": "SELECT mean(\"value\") FROM \"measurement\" WHERE $timeFilter GROUP BY time($__interval) fill(null)",
          "rawQuery": false,
          "refId": "A",
          "resultFormat": "time_series",
          "select": [
            [
              {
                "params": [
                  "job_age_p100"
                ],
                "type": "field"
              },
              {
                "params": [],
                "type": "mean"
              }
            ]
          ],
          "tags": []
        }
      ],
      "title": "Job age p100 (scheduled) by machine class",
      "type": "timeseries"
    }
  ],
  "refresh": "",
  "schemaVersion": 38,
  "style": "dark",
  "tags": [
    "openQA"
  ],
  "templating": {
    "list": []
  },
  "time": {
    "from": "now-30d",
    "to": "now"
  },
  "timepicker": {
    "refresh_intervals": [
      "5s",
      "10s",
      "30s",
      "1m",
      "5m",
      "15m",
      "30m",
      "1h",
      "2h",
      "1d"
    ]
  },
  "timezone": "",
  "title": "Job age",
  "uid": "7W06NBWGk",
  "version": 33,
  "weekStart": ""
}