{
  "annotations": {
    "list": [
      {
        "builtIn": 1,
        "datasource": {
          "type": "datasource",
          "uid": "grafana"
        },
        "enable": true,
        "hide": true,
        "iconColor": "rgba(0, 211, 255, 1)",
        "name": "Annotations & Alerts",
        "type": "dashboard"
      }
    ]
  },
  "editable": true,
  "fiscalYearStartMonth": 0,
  "graphTooltip": 0,
  "id": 2,
  "links": [],
  "panels": [
    {
      "datasource": {
        "type": "influxdb",
        "uid": "000000001"
      },
      "description": "All running, scheduled and blocked openQA jobs. Alert thresholds are defined per individual as well as cumulative values hence the lower displayed threshold bar can be exceeded by the sum of values.",
      "fieldConfig": {
        "defaults": {
          "color": {
            "mode": "palette-classic"
          },
          "custom": {
            "axisBorderShow": false,
            "axisCenteredZero": false,
            "axisColorMode": "text",
            "axisLabel": "",
            "axisPlacement": "auto",
            "barAlignment": 0,
            "barWidthFactor": 0.6,
            "drawStyle": "line",
            "fillOpacity": 10,
            "gradientMode": "none",
            "hideFrom": {
              "legend": false,
              "tooltip": false,
              "viz": false
            },
            "insertNulls": false,
            "lineInterpolation": "linear",
            "lineWidth": 1,
            "pointSize": 5,
            "scaleDistribution": {
              "type": "linear"
            },
            "showPoints": "never",
            "spanNulls": false,
            "stacking": {
              "group": "A",
              "mode": "normal"
            },
            "thresholdsStyle": {
              "mode": "line+area"
            }
          },
          "links": [],
          "mappings": [],
          "thresholds": {
            "mode": "absolute",
            "steps": [
              {
                "color": "transparent",
                "value": null
              },
              {
                "color": "red",
                "value": 8000
              }
            ]
          },
          "unit": "short"
        },
        "overrides": []
      },
      "gridPos": {
        "h": 9,
        "w": 12,
        "x": 0,
        "y": 0
      },
      "id": 9,
      "interval": "40s",
      "options": {
        "legend": {
          "calcs": [],
          "displayMode": "list",
          "placement": "right",
          "showLegend": true
        },
        "tooltip": {
          "hideZeros": false,
          "mode": "multi",
          "sort": "none"
        }
      },
      "pluginVersion": "11.5.2",
      "targets": [
        {
          "alias": "Running",
          "datasource": {
            "type": "influxdb",
            "uid": "000000001"
          },
          "groupBy": [
            {
              "params": [
                "$__interval"
              ],
              "type": "time"
            },
            {
              "params": [
                "null"
              ],
              "type": "fill"
            }
          ],
          "hide": false,
          "measurement": "openqa_jobs",
          "orderByTime": "ASC",
          "policy": "default",
          "refId": "running",
          "resultFormat": "time_series",
          "select": [
            [
              {
                "params": [
                  "running"
                ],
                "type": "field"
              },
              {
                "params": [],
                "type": "mean"
              }
            ]
          ],
          "tags": [
            {
              "key": "url",
              "operator": "=",
              "value": "https://openqa.suse.de"
            }
          ]
        },
        {
          "alias": "Scheduled",
          "datasource": {
            "type": "influxdb",
            "uid": "000000001"
          },
          "groupBy": [
            {
              "params": [
                "$__interval"
              ],
              "type": "time"
            },
            {
              "params": [
                "null"
              ],
              "type": "fill"
            }
          ],
          "measurement": "openqa_jobs",
          "orderByTime": "ASC",
          "policy": "default",
          "refId": "scheduled",
          "resultFormat": "time_series",
          "select": [
            [
              {
                "params": [
                  "scheduled"
                ],
                "type": "field"
              },
              {
                "params": [],
                "type": "mean"
              }
            ]
          ],
          "tags": [
            {
              "key": "url",
              "operator": "=",
              "value": "https://openqa.suse.de"
            }
          ]
        },
        {
          "alias": "Blocked",
          "datasource": {
            "type": "influxdb",
            "uid": "000000001"
          },
          "groupBy": [
            {
              "params": [
                "$__interval"
              ],
              "type": "time"
            },
            {
              "params": [
                "null"
              ],
              "type": "fill"
            }
          ],
          "measurement": "openqa_jobs",
          "orderByTime": "ASC",
          "policy": "default",
          "query": "SELECT mean(\"blocked\") FROM \"openqa_jobs\" WHERE (\"url\" = 'https://openqa.suse.de') AND $timeFilter GROUP BY time($__interval) fill(null)",
          "rawQuery": false,
          "refId": "blocked",
          "resultFormat": "time_series",
          "select": [
            [
              {
                "params": [
                  "blocked"
                ],
                "type": "field"
              },
              {
                "params": [],
                "type": "mean"
              }
            ]
          ],
          "tags": [
            {
              "key": "url",
              "operator": "=",
              "value": "https://openqa.suse.de"
            }
          ]
        }
      ],
      "title": "Queue: State (SUSE)",
      "type": "timeseries"
    },
    {
      "datasource": {
        "type": "influxdb",
        "uid": "000000001"
      },
      "fieldConfig": {
        "defaults": {
          "color": {
            "mode": "palette-classic"
          },
          "custom": {
            "axisBorderShow": false,
            "axisCenteredZero": false,
            "axisColorMode": "text",
            "axisLabel": "",
            "axisPlacement": "auto",
            "barAlignment": 0,
            "barWidthFactor": 0.6,
            "drawStyle": "line",
            "fillOpacity": 10,
            "gradientMode": "none",
            "hideFrom": {
              "legend": false,
              "tooltip": false,
              "viz": false
            },
            "insertNulls": false,
            "lineInterpolation": "linear",
            "lineWidth": 1,
            "pointSize": 5,
            "scaleDistribution": {
              "type": "linear"
            },
            "showPoints": "never",
            "spanNulls": false,
            "stacking": {
              "group": "A",
              "mode": "normal"
            },
            "thresholdsStyle": {
              "mode": "off"
            }
          },
          "links": [],
          "mappings": [],
          "thresholds": {
            "mode": "absolute",
            "steps": [
              {
                "color": "green",
                "value": null
              },
              {
                "color": "red",
                "value": 80
              }
            ]
          },
          "unit": "short"
        },
        "overrides": []
      },
      "gridPos": {
        "h": 9,
        "w": 12,
        "x": 12,
        "y": 0
      },
      "id": 11,
      "interval": "30s",
      "options": {
        "legend": {
          "calcs": [],
          "displayMode": "list",
          "placement": "right",
          "showLegend": true
        },
        "tooltip": {
          "hideZeros": false,
          "mode": "multi",
          "sort": "desc"
        }
      },
      "pluginVersion": "11.5.2",
      "targets": [
        {
          "alias": "$tag_group",
          "datasource": {
            "type": "influxdb",
            "uid": "000000001"
          },
          "groupBy": [
            {
              "params": [
                "$__interval"
              ],
              "type": "time"
            },
            {
              "params": [
                "group"
              ],
              "type": "tag"
            },
            {
              "params": [
                "previous"
              ],
              "type": "fill"
            }
          ],
          "measurement": "openqa_jobs_by_group",
          "orderByTime": "ASC",
          "policy": "default",
          "query": "SELECT mean(\"running\") + mean(\"scheduled\") + mean(\"blocked\") FROM \"openqa_jobs_by_group\" WHERE (\"url\" = 'https://openqa.suse.de') AND $timeFilter GROUP BY time($__interval), \"group\" fill(0)",
          "rawQuery": true,
          "refId": "A",
          "resultFormat": "time_series",
          "select": [
            [
              {
                "params": [
                  "running"
                ],
                "type": "field"
              },
              {
                "params": [],
                "type": "mean"
              }
            ]
          ],
          "tags": [
            {
              "key": "url",
              "operator": "=",
              "value": "https://openqa.opensuse.org"
            }
          ]
        }
      ],
      "title": "Queue: Groups (SUSE)",
      "type": "timeseries"
    },
    {
      "datasource": {
        "type": "influxdb",
        "uid": "000000001"
      },
      "fieldConfig": {
        "defaults": {
          "color": {
            "mode": "palette-classic"
          },
          "custom": {
            "axisBorderShow": false,
            "axisCenteredZero": false,
            "axisColorMode": "text",
            "axisLabel": "",
            "axisPlacement": "auto",
            "barAlignment": 0,
            "barWidthFactor": 0.6,
            "drawStyle": "line",
            "fillOpacity": 10,
            "gradientMode": "none",
            "hideFrom": {
              "legend": false,
              "tooltip": false,
              "viz": false
            },
            "insertNulls": false,
            "lineInterpolation": "linear",
            "lineWidth": 1,
            "pointSize": 5,
            "scaleDistribution": {
              "type": "linear"
            },
            "showPoints": "never",
            "spanNulls": false,
            "stacking": {
              "group": "A",
              "mode": "normal"
            },
            "thresholdsStyle": {
              "mode": "off"
            }
          },
          "links": [],
          "mappings": [],
          "thresholds": {
            "mode": "absolute",
            "steps": [
              {
                "color": "green",
                "value": null
              },
              {
                "color": "red",
                "value": 80
              }
            ]
          },
          "unit": "short"
        },
        "overrides": []
      },
      "gridPos": {
        "h": 9,
        "w": 12,
        "x": 0,
        "y": 9
      },
      "id": 12,
      "interval": "30s",
      "options": {
        "legend": {
          "calcs": [],
          "displayMode": "list",
          "placement": "right",
          "showLegend": true
        },
        "tooltip": {
          "hideZeros": false,
          "mode": "multi",
          "sort": "desc"
        }
      },
      "pluginVersion": "11.5.2",
      "targets": [
        {
          "alias": "$tag_arch",
          "datasource": {
            "type": "influxdb",
            "uid": "000000001"
          },
          "groupBy": [
            {
              "params": [
                "$__interval"
              ],
              "type": "time"
            },
            {
              "params": [
                "arch"
              ],
              "type": "tag"
            },
            {
              "params": [
                "null"
              ],
              "type": "fill"
            }
          ],
          "measurement": "openqa_jobs_by_arch",
          "orderByTime": "ASC",
          "policy": "default",
          "query": "SELECT mean(\"running\") + mean(\"scheduled\") + mean(\"blocked\") FROM \"openqa_jobs_by_arch\" WHERE (\"url\" = 'https://openqa.suse.de') AND (\"arch\"::tag =~ /^[A-Za-z0-9_-]+$/) AND $timeFilter GROUP BY time($__interval), \"arch\" fill(0)",
          "rawQuery": true,
          "refId": "A",
          "resultFormat": "time_series",
          "select": [
            [
              {
                "params": [
                  "running"
                ],
                "type": "field"
              },
              {
                "params": [],
                "type": "mean"
              }
            ]
          ],
          "tags": []
        }
      ],
      "title": "Queue: Architecture (SUSE)",
      "type": "timeseries"
    },
    {
      "datasource": {
        "type": "influxdb",
        "uid": "000000001"
      },
      "fieldConfig": {
        "defaults": {
          "color": {
            "mode": "palette-classic"
          },
          "custom": {
            "axisBorderShow": false,
            "axisCenteredZero": false,
            "axisColorMode": "text",
            "axisLabel": "",
            "axisPlacement": "auto",
            "barAlignment": 0,
            "barWidthFactor": 0.6,
            "drawStyle": "line",
            "fillOpacity": 10,
            "gradientMode": "none",
            "hideFrom": {
              "legend": false,
              "tooltip": false,
              "viz": false
            },
            "insertNulls": false,
            "lineInterpolation": "linear",
            "lineWidth": 1,
            "pointSize": 5,
            "scaleDistribution": {
              "type": "linear"
            },
            "showPoints": "never",
            "spanNulls": false,
            "stacking": {
              "group": "A",
              "mode": "normal"
            },
            "thresholdsStyle": {
              "mode": "off"
            }
          },
          "links": [],
          "mappings": [],
          "thresholds": {
            "mode": "absolute",
            "steps": [
              {
                "color": "green",
                "value": null
              },
              {
                "color": "red",
                "value": 80
              }
            ]
          },
          "unit": "short"
        },
        "overrides": []
      },
      "gridPos": {
        "h": 9,
        "w": 12,
        "x": 12,
        "y": 9
      },
      "id": 10,
      "interval": "30s",
      "options": {
        "legend": {
          "calcs": [],
          "displayMode": "list",
          "placement": "right",
          "showLegend": true
        },
        "tooltip": {
          "hideZeros": false,
          "mode": "multi",
          "sort": "desc"
        }
      },
      "pluginVersion": "11.5.2",
      "targets": [
        {
          "alias": "$tag_worker",
          "datasource": {
            "type": "influxdb",
            "uid": "000000001"
          },
          "groupBy": [
            {
              "params": [
                "$__interval"
              ],
              "type": "time"
            },
            {
              "params": [
                "worker"
              ],
              "type": "tag"
            },
            {
              "params": [
                "null"
              ],
              "type": "fill"
            }
          ],
          "measurement": "openqa_jobs_by_worker",
          "orderByTime": "ASC",
          "policy": "default",
          "refId": "A",
          "resultFormat": "time_series",
          "select": [
            [
              {
                "params": [
                  "running"
                ],
                "type": "field"
              },
              {
                "params": [],
                "type": "mean"
              }
            ]
          ],
          "tags": [
            {
              "key": "url",
              "operator": "=",
              "value": "https://openqa.suse.de"
            }
          ]
        }
      ],
      "title": "Running by Worker (SUSE)",
      "type": "timeseries"
    },
    {
      "datasource": {
        "type": "influxdb",
        "uid": "000000001"
      },
      "description": "Automatic labelling of incompletes, fails on unknown, new issues: https://gitlab.suse.de/openqa/auto-review/pipelines",
      "fieldConfig": {
        "defaults": {
          "color": {
            "mode": "palette-classic"
          },
          "custom": {
            "axisBorderShow": false,
            "axisCenteredZero": false,
            "axisColorMode": "text",
            "axisLabel": "",
            "axisPlacement": "auto",
            "barAlignment": 0,
            "barWidthFactor": 0.6,
            "drawStyle": "line",
            "fillOpacity": 10,
            "gradientMode": "none",
            "hideFrom": {
              "legend": false,
              "tooltip": false,
              "viz": false
            },
            "insertNulls": false,
            "lineInterpolation": "linear",
            "lineWidth": 1,
            "pointSize": 5,
            "scaleDistribution": {
              "type": "linear"
            },
            "showPoints": "never",
            "spanNulls": false,
            "stacking": {
              "group": "A",
              "mode": "none"
            },
            "thresholdsStyle": {
              "mode": "off"
            }
          },
          "links": [],
          "mappings": [],
          "min": 0,
          "thresholds": {
            "mode": "absolute",
            "steps": [
              {
                "color": "green",
                "value": null
              },
              {
                "color": "red",
                "value": 80
              }
            ]
          },
          "unit": "short"
        },
        "overrides": []
      },
      "gridPos": {
        "h": 8,
        "w": 12,
        "x": 0,
        "y": 18
      },
      "id": 14,
      "options": {
        "legend": {
          "calcs": [],
          "displayMode": "list",
          "placement": "bottom",
          "showLegend": false
        },
        "tooltip": {
          "hideZeros": false,
          "mode": "multi",
          "sort": "none"
        }
      },
      "pluginVersion": "11.5.2",
      "targets": [
        {
          "alias": "Incompletes of last 24h",
          "datasource": {
            "type": "influxdb",
            "uid": "000000001"
          },
          "groupBy": [
            {
              "params": [
                "$__interval"
              ],
              "type": "time"
            },
            {
              "params": [
                "null"
              ],
              "type": "fill"
            }
          ],
          "measurement": "postgresql",
          "orderByTime": "ASC",
          "policy": "default",
          "refId": "A",
          "resultFormat": "time_series",
          "select": [
            [
              {
                "params": [
                  "incompletes_last_24h"
                ],
                "type": "field"
              },
              {
                "params": [],
                "type": "distinct"
              }
            ]
          ],
          "tags": []
        }
      ],
      "title": "Incomplete jobs of last 24h",
      "type": "timeseries"
    },
    {
      "datasource": {
        "type": "influxdb",
        "uid": "000000001"
      },
      "fieldConfig": {
        "defaults": {
          "color": {
            "mode": "palette-classic"
          },
          "custom": {
            "axisBorderShow": false,
            "axisCenteredZero": false,
            "axisColorMode": "text",
            "axisLabel": "",
            "axisPlacement": "auto",
            "barAlignment": 0,
            "barWidthFactor": 0.6,
            "drawStyle": "line",
            "fillOpacity": 10,
            "gradientMode": "none",
            "hideFrom": {
              "legend": false,
              "tooltip": false,
              "viz": false
            },
            "insertNulls": false,
            "lineInterpolation": "linear",
            "lineWidth": 1,
            "pointSize": 5,
            "scaleDistribution": {
              "type": "linear"
            },
            "showPoints": "never",
            "spanNulls": false,
            "stacking": {
              "group": "A",
              "mode": "none"
            },
            "thresholdsStyle": {
              "mode": "line+area"
            }
          },
          "decimals": 0,
          "links": [],
          "mappings": [],
          "min": 0,
          "thresholds": {
            "mode": "absolute",
            "steps": [
              {
                "color": "transparent",
                "value": null
              },
              {
                "color": "red",
                "value": 200
              }
            ]
          },
          "unit": "short"
        },
        "overrides": []
      },
      "gridPos": {
        "h": 8,
        "w": 12,
        "x": 12,
        "y": 18
      },
      "id": 16,
      "options": {
        "legend": {
          "calcs": [],
          "displayMode": "list",
          "placement": "bottom",
          "showLegend": false
        },
        "tooltip": {
          "hideZeros": false,
          "mode": "multi",
          "sort": "none"
        }
      },
      "pluginVersion": "11.5.2",
      "targets": [
        {
          "alias": "New incompletes",
          "datasource": {
            "type": "influxdb",
            "uid": "000000001"
          },
          "groupBy": [
            {
              "params": [
                "$__interval"
              ],
              "type": "time"
            }
          ],
          "measurement": "postgresql",
          "orderByTime": "ASC",
          "policy": "default",
          "refId": "A",
          "resultFormat": "time_series",
          "select": [
            [
              {
                "params": [
                  "incompletes_last_24h"
                ],
                "type": "field"
              },
              {
                "params": [],
                "type": "distinct"
              },
              {
                "params": [],
                "type": "non_negative_difference"
              }
            ]
          ],
          "tags": []
        }
      ],
      "title": "New incompletes",
      "type": "timeseries"
    },
    {
      "datasource": {
        "type": "influxdb",
        "uid": "000000001"
      },
      "description": "Automatic labelling of incompletes, fails on unknown, new issues: https://gitlab.suse.de/openqa/auto-review/pipelines",
      "fieldConfig": {
        "defaults": {
          "color": {
            "mode": "palette-classic"
          },
          "custom": {
            "axisBorderShow": false,
            "axisCenteredZero": false,
            "axisColorMode": "text",
            "axisLabel": "",
            "axisPlacement": "auto",
            "barAlignment": 0,
            "barWidthFactor": 0.6,
            "drawStyle": "line",
            "fillOpacity": 10,
            "gradientMode": "none",
            "hideFrom": {
              "legend": false,
              "tooltip": false,
              "viz": false
            },
            "insertNulls": false,
            "lineInterpolation": "linear",
            "lineWidth": 1,
            "pointSize": 5,
            "scaleDistribution": {
              "type": "linear"
            },
            "showPoints": "never",
            "spanNulls": false,
            "stacking": {
              "group": "A",
              "mode": "none"
            },
            "thresholdsStyle": {
              "mode": "line+area"
            }
          },
          "links": [],
          "mappings": [],
          "min": 0,
          "thresholds": {
            "mode": "absolute",
            "steps": [
              {
                "color": "transparent",
                "value": null
              },
              {
                "color": "red",
                "value": 300
              }
            ]
          },
          "unit": "short"
        },
        "overrides": []
      },
      "gridPos": {
        "h": 8,
        "w": 12,
        "x": 0,
        "y": 26
      },
      "id": 17,
      "options": {
        "legend": {
          "calcs": [],
          "displayMode": "list",
          "placement": "bottom",
          "showLegend": false
        },
        "tooltip": {
          "hideZeros": false,
          "mode": "multi",
          "sort": "none"
        }
      },
      "pluginVersion": "11.5.2",
      "targets": [
        {
          "alias": "Incompletes (not restarted) of last 24h",
          "datasource": {
            "type": "influxdb",
            "uid": "000000001"
          },
          "groupBy": [
            {
              "params": [
                "$__interval"
              ],
              "type": "time"
            },
            {
              "params": [
                "null"
              ],
              "type": "fill"
            }
          ],
          "measurement": "postgresql",
          "orderByTime": "ASC",
          "policy": "default",
          "refId": "A",
          "resultFormat": "time_series",
          "select": [
            [
              {
                "params": [
                  "incompletes_not_restarted_last_24h"
                ],
                "type": "field"
              },
              {
                "params": [],
                "type": "distinct"
              }
            ]
          ],
          "tags": []
        }
      ],
      "title": "Incomplete jobs (not restarted) of last 24h",
      "type": "timeseries"
    },
    {
      "datasource": {
        "type": "influxdb",
        "uid": "000000001"
      },
      "description": "Ratio of failed vs. all jobs over time.\n\nhttps://progress.opensuse.org/issues/96191",
      "fieldConfig": {
        "defaults": {
          "color": {
            "mode": "palette-classic"
          },
          "custom": {
            "axisBorderShow": false,
            "axisCenteredZero": false,
            "axisColorMode": "text",
            "axisLabel": "",
            "axisPlacement": "auto",
            "barAlignment": 0,
            "barWidthFactor": 0.6,
            "drawStyle": "line",
            "fillOpacity": 10,
            "gradientMode": "none",
            "hideFrom": {
              "legend": false,
              "tooltip": false,
              "viz": false
            },
            "insertNulls": false,
            "lineInterpolation": "linear",
            "lineWidth": 1,
            "pointSize": 5,
            "scaleDistribution": {
              "type": "linear"
            },
            "showPoints": "never",
            "spanNulls": false,
            "stacking": {
              "group": "A",
              "mode": "none"
            },
            "thresholdsStyle": {
              "mode": "line+area"
            }
          },
          "mappings": [],
          "min": 0,
          "thresholds": {
            "mode": "absolute",
            "steps": [
              {
                "color": "transparent",
                "value": null
              },
              {
                "color": "red",
                "value": 20
              }
            ]
          },
          "unit": "percent"
        },
        "overrides": []
      },
      "gridPos": {
        "h": 8,
        "w": 12,
        "x": 12,
        "y": 26
      },
      "id": 21,
      "interval": "2m",
      "options": {
        "legend": {
          "calcs": [],
          "displayMode": "list",
          "placement": "bottom",
          "showLegend": true
        },
        "tooltip": {
          "hideZeros": false,
          "mode": "multi",
          "sort": "none"
        }
      },
      "pluginVersion": "11.5.2",
      "targets": [
        {
          "alias": "ratio of failed openQA jobs",
          "datasource": {
            "type": "influxdb",
            "uid": "000000001"
          },
          "groupBy": [
            {
              "params": [
                "$__interval"
              ],
              "type": "time"
            },
            {
              "params": [
                "previous"
              ],
              "type": "fill"
            }
          ],
          "measurement": "postgresql",
          "orderByTime": "ASC",
          "policy": "default",
          "refId": "ratio_failed_p",
          "resultFormat": "time_series",
          "select": [
            [
              {
                "params": [
                  "ratio_failed_p"
                ],
                "type": "field"
              },
              {
                "params": [],
                "type": "last"
              }
            ]
          ],
          "tags": []
        }
      ],
      "title": "openQA job fail ratio",
      "type": "timeseries"
    },
    {
      "datasource": {
        "type": "influxdb",
        "uid": "000000001"
      },
      "description": "https://progress.opensuse.org/issues/96191",
      "fieldConfig": {
        "defaults": {
          "color": {
            "mode": "palette-classic"
          },
          "custom": {
            "hideFrom": {
              "legend": false,
              "tooltip": false,
              "viz": false
            }
          },
          "mappings": []
        },
        "overrides": [
          {
            "matcher": {
              "id": "byName",
              "options": "failed"
            },
            "properties": [
              {
                "id": "color",
                "value": {
                  "fixedColor": "#ff4e46",
                  "mode": "fixed"
                }
              }
            ]
          },
          {
            "matcher": {
              "id": "byName",
              "options": "incomplete"
            },
            "properties": [
              {
                "id": "color",
                "value": {
                  "fixedColor": "#af1e11",
                  "mode": "fixed"
                }
              }
            ]
          },
          {
            "matcher": {
              "id": "byName",
              "options": "none"
            },
            "properties": [
              {
                "id": "color",
                "value": {
                  "fixedColor": "#8bdfff",
                  "mode": "fixed"
                }
              }
            ]
          },
          {
            "matcher": {
              "id": "byName",
              "options": "obsoleted"
            },
            "properties": [
              {
                "id": "color",
                "value": {
                  "fixedColor": "#aaaaaa",
                  "mode": "fixed"
                }
              }
            ]
          },
          {
            "matcher": {
              "id": "byName",
              "options": "parallel_failed"
            },
            "properties": [
              {
                "id": "color",
                "value": {
                  "fixedColor": "#ff4e46",
                  "mode": "fixed"
                }
              }
            ]
          },
          {
            "matcher": {
              "id": "byName",
              "options": "passed"
            },
            "properties": [
              {
                "id": "color",
                "value": {
                  "fixedColor": "#59df24",
                  "mode": "fixed"
                }
              }
            ]
          },
          {
            "matcher": {
              "id": "byName",
              "options": "skipped"
            },
            "properties": [
              {
                "id": "color",
                "value": {
                  "fixedColor": "#aaaaaa",
                  "mode": "fixed"
                }
              }
            ]
          },
          {
            "matcher": {
              "id": "byName",
              "options": "softfailed"
            },
            "properties": [
              {
                "id": "color",
                "value": {
                  "fixedColor": "#eeb560",
                  "mode": "fixed"
                }
              }
            ]
          },
          {
            "matcher": {
              "id": "byName",
              "options": "timeout_exceeded"
            },
            "properties": [
              {
                "id": "color",
                "value": {
                  "fixedColor": "#af1e11",
                  "mode": "fixed"
                }
              }
            ]
          }
        ]
      },
      "gridPos": {
        "h": 8,
        "w": 12,
        "x": 0,
        "y": 34
      },
      "id": 23,
      "interval": "2m",
      "options": {
        "displayLabels": [
          "percent",
          "name"
        ],
        "legend": {
          "displayMode": "list",
          "placement": "right",
          "showLegend": true,
          "values": []
        },
        "pieType": "pie",
        "reduceOptions": {
          "calcs": [
            "lastNotNull"
          ],
          "fields": "",
          "values": false
        },
        "text": {},
        "tooltip": {
          "hideZeros": false,
          "mode": "single",
          "sort": "none"
        }
      },
      "pluginVersion": "11.5.2",
      "targets": [
        {
          "alias": "$tag_result",
          "datasource": {
            "type": "influxdb",
            "uid": "000000001"
          },
          "groupBy": [
            {
              "params": [
                "$__interval"
              ],
              "type": "time"
            },
            {
              "params": [
                "result"
              ],
              "type": "tag"
            },
            {
              "params": [
                "null"
              ],
              "type": "fill"
            }
          ],
          "measurement": "postgresql",
          "orderByTime": "ASC",
          "policy": "default",
          "refId": "ratio_mm",
          "resultFormat": "time_series",
          "select": [
            [
              {
                "params": [
                  "ratio_mm"
                ],
                "type": "field"
              },
              {
                "params": [],
                "type": "last"
              }
            ]
          ],
          "tags": []
        }
      ],
      "title": "Ratio of not restarted multi-machine tests by result",
      "type": "piechart"
    },
    {
      "datasource": {
        "type": "influxdb",
        "uid": "000000001"
      },
      "description": "https://progress.opensuse.org/issues/96191",
      "fieldConfig": {
        "defaults": {
          "color": {
            "mode": "palette-classic"
          },
          "custom": {
            "axisBorderShow": false,
            "axisCenteredZero": false,
            "axisColorMode": "text",
            "axisLabel": "",
            "axisPlacement": "auto",
            "barAlignment": 0,
            "barWidthFactor": 0.6,
            "drawStyle": "line",
            "fillOpacity": 100,
            "gradientMode": "none",
            "hideFrom": {
              "legend": false,
              "tooltip": false,
              "viz": false
            },
            "insertNulls": false,
            "lineInterpolation": "linear",
            "lineWidth": 0,
            "pointSize": 5,
            "scaleDistribution": {
              "type": "linear"
            },
            "showPoints": "never",
            "spanNulls": false,
            "stacking": {
              "group": "A",
              "mode": "normal"
            },
            "thresholdsStyle": {
              "mode": "dashed+area"
            }
          },
          "decimals": 2,
          "mappings": [],
          "max": 100,
          "min": 0,
          "thresholds": {
            "mode": "absolute",
            "steps": [
              {
                "color": "transparent",
                "value": null
              }
            ]
          },
          "unit": "percent"
        },
        "overrides": [
          {
            "matcher": {
              "id": "byName",
              "options": "failed"
            },
            "properties": [
              {
                "id": "color",
                "value": {
                  "fixedColor": "#ff4e46",
                  "mode": "fixed"
                }
              }
            ]
          },
          {
            "matcher": {
              "id": "byName",
              "options": "incomplete"
            },
            "properties": [
              {
                "id": "color",
                "value": {
                  "fixedColor": "#af1e11",
                  "mode": "fixed"
                }
              }
            ]
          },
          {
            "matcher": {
              "id": "byName",
              "options": "none"
            },
            "properties": [
              {
                "id": "color",
                "value": {
                  "fixedColor": "#8bdfff",
                  "mode": "fixed"
                }
              }
            ]
          },
          {
            "matcher": {
              "id": "byName",
              "options": "obsoleted"
            },
            "properties": [
              {
                "id": "color",
                "value": {
                  "fixedColor": "#aaaaaa",
                  "mode": "fixed"
                }
              }
            ]
          },
          {
            "matcher": {
              "id": "byName",
              "options": "passed"
            },
            "properties": [
              {
                "id": "color",
                "value": {
                  "fixedColor": "#59df24",
                  "mode": "fixed"
                }
              }
            ]
          },
          {
            "matcher": {
              "id": "byName",
              "options": "skipped"
            },
            "properties": [
              {
                "id": "color",
                "value": {
                  "fixedColor": "#aaaaaa",
                  "mode": "fixed"
                }
              }
            ]
          },
          {
            "matcher": {
              "id": "byName",
              "options": "softfailed"
            },
            "properties": [
              {
                "id": "color",
                "value": {
                  "fixedColor": "#eab839",
                  "mode": "fixed"
                }
              }
            ]
          },
          {
            "matcher": {
              "id": "byName",
              "options": "timeout_exceeded"
            },
            "properties": [
              {
                "id": "color",
                "value": {
                  "fixedColor": "#af1e11",
                  "mode": "fixed"
                }
              }
            ]
          },
          {
            "matcher": {
              "id": "byName",
              "options": "user_cancelled"
            },
            "properties": [
              {
                "id": "color",
                "value": {
                  "fixedColor": "#a0a0a0",
                  "mode": "fixed"
                }
              }
            ]
          },
          {
            "matcher": {
              "id": "byName",
              "options": "parallel_failed"
            },
            "properties": [
              {
                "id": "color",
                "value": {
                  "fixedColor": "#fdd4d2",
                  "mode": "fixed"
                }
              }
            ]
          },
          {
            "matcher": {
              "id": "byName",
              "options": "parallel_restarted"
            },
            "properties": [
              {
                "id": "color",
                "value": {
                  "fixedColor": "#afafaf",
                  "mode": "fixed"
                }
              }
            ]
          }
        ]
      },
      "gridPos": {
        "h": 8,
        "w": 12,
        "x": 12,
        "y": 34
      },
      "id": 24,
      "interval": "2m",
      "options": {
        "legend": {
          "calcs": [
            "mean",
            "max",
            "min"
          ],
          "displayMode": "table",
          "placement": "right",
          "showLegend": true
        },
        "tooltip": {
          "hideZeros": false,
          "mode": "multi",
          "sort": "desc"
        }
      },
      "pluginVersion": "11.5.2",
      "targets": [
        {
          "alias": "$tag_result",
          "datasource": {
            "type": "influxdb",
            "uid": "000000001"
          },
          "groupBy": [
            {
              "params": [
                "$__interval"
              ],
              "type": "time"
            },
            {
              "params": [
                "result"
              ],
              "type": "tag"
            },
            {
              "params": [
                "null"
              ],
              "type": "fill"
            }
          ],
          "measurement": "postgresql",
          "orderByTime": "ASC",
          "policy": "default",
          "refId": "ratio_mm",
          "resultFormat": "time_series",
          "select": [
            [
              {
                "params": [
                  "ratio_mm"
                ],
                "type": "field"
              },
              {
                "params": [],
                "type": "last"
              }
            ]
          ],
          "tags": []
        },
        {
          "alias": "ratio_mm_failed",
          "datasource": {
            "type": "influxdb",
            "uid": "000000001"
          },
          "groupBy": [
            {
              "params": [
                "$__interval"
              ],
              "type": "time"
            },
            {
              "params": [
                "result"
              ],
              "type": "tag"
            },
            {
              "params": [
                "null"
              ],
              "type": "fill"
            }
          ],
          "hide": true,
          "measurement": "postgresql",
          "orderByTime": "ASC",
          "policy": "default",
          "refId": "ratio_mm_failed",
          "resultFormat": "time_series",
          "select": [
            [
              {
                "params": [
                  "ratio_mm"
                ],
                "type": "field"
              },
              {
                "params": [],
                "type": "last"
              }
            ]
          ],
          "tags": [
            {
              "key": "result",
              "operator": "=",
              "value": "failed"
            }
          ]
        }
      ],
      "title": "Ratio of not restarted multi-machine tests by result",
      "type": "timeseries"
    },
    {
      "datasource": {
        "type": "influxdb",
        "uid": "000000001"
      },
      "description": "https://progress.opensuse.org/issues/96191",
      "fieldConfig": {
        "defaults": {
          "color": {
            "mode": "palette-classic"
          },
          "custom": {
            "axisBorderShow": false,
            "axisCenteredZero": false,
            "axisColorMode": "text",
            "axisLabel": "",
            "axisPlacement": "auto",
            "barAlignment": 0,
            "barWidthFactor": 0.6,
            "drawStyle": "line",
            "fillOpacity": 100,
            "gradientMode": "none",
            "hideFrom": {
              "legend": false,
              "tooltip": false,
              "viz": false
            },
            "insertNulls": false,
            "lineInterpolation": "linear",
            "lineWidth": 0,
            "pointSize": 5,
            "scaleDistribution": {
              "type": "linear"
            },
            "showPoints": "never",
            "spanNulls": false,
            "stacking": {
              "group": "A",
              "mode": "percent"
            },
            "thresholdsStyle": {
              "mode": "off"
            }
          },
          "decimals": 2,
          "mappings": [],
          "max": 1,
          "thresholds": {
            "mode": "absolute",
            "steps": [
              {
                "color": "green",
                "value": null
              },
              {
                "color": "red",
                "value": 80
              }
            ]
          },
          "unit": "percent"
        },
        "overrides": [
          {
            "matcher": {
              "id": "byName",
              "options": "failed"
            },
            "properties": [
              {
                "id": "color",
                "value": {
                  "fixedColor": "#ff4e46",
                  "mode": "fixed"
                }
              }
            ]
          },
          {
            "matcher": {
              "id": "byName",
              "options": "incomplete"
            },
            "properties": [
              {
                "id": "color",
                "value": {
                  "fixedColor": "#af1e11",
                  "mode": "fixed"
                }
              }
            ]
          },
          {
            "matcher": {
              "id": "byName",
              "options": "none"
            },
            "properties": [
              {
                "id": "color",
                "value": {
                  "fixedColor": "#8bdfff",
                  "mode": "fixed"
                }
              }
            ]
          },
          {
            "matcher": {
              "id": "byName",
              "options": "obsoleted"
            },
            "properties": [
              {
                "id": "color",
                "value": {
                  "fixedColor": "#aaaaaa",
                  "mode": "fixed"
                }
              }
            ]
          },
          {
            "matcher": {
              "id": "byName",
              "options": "passed"
            },
            "properties": [
              {
                "id": "color",
                "value": {
                  "fixedColor": "#59df24",
                  "mode": "fixed"
                }
              }
            ]
          },
          {
            "matcher": {
              "id": "byName",
              "options": "skipped"
            },
            "properties": [
              {
                "id": "color",
                "value": {
                  "fixedColor": "#aaaaaa",
                  "mode": "fixed"
                }
              }
            ]
          },
          {
            "matcher": {
              "id": "byName",
              "options": "softfailed"
            },
            "properties": [
              {
                "id": "color",
                "value": {
                  "fixedColor": "#eab839",
                  "mode": "fixed"
                }
              }
            ]
          },
          {
            "matcher": {
              "id": "byName",
              "options": "timeout_exceeded"
            },
            "properties": [
              {
                "id": "color",
                "value": {
                  "fixedColor": "#af1e11",
                  "mode": "fixed"
                }
              }
            ]
          }
        ]
      },
      "gridPos": {
        "h": 8,
        "w": 12,
        "x": 0,
        "y": 42
      },
      "id": 25,
      "interval": "24h",
      "options": {
        "legend": {
          "calcs": [
            "mean",
            "max",
            "min"
          ],
          "displayMode": "table",
          "placement": "right",
          "showLegend": true
        },
        "tooltip": {
          "hideZeros": false,
          "mode": "multi",
          "sort": "desc"
        }
      },
      "pluginVersion": "11.5.2",
      "targets": [
        {
          "alias": "$tag_result",
          "datasource": {
            "type": "influxdb",
            "uid": "000000001"
          },
          "groupBy": [
            {
              "params": [
                "$__interval"
              ],
              "type": "time"
            },
            {
              "params": [
                "result"
              ],
              "type": "tag"
            },
            {
              "params": [
                "null"
              ],
              "type": "fill"
            }
          ],
          "measurement": "postgresql",
          "orderByTime": "ASC",
          "policy": "default",
          "refId": "ratio_mm",
          "resultFormat": "time_series",
          "select": [
            [
              {
                "params": [
                  "ratio_all_long_term"
                ],
                "type": "field"
              },
              {
                "params": [],
                "type": "last"
              }
            ]
          ],
          "tags": []
        }
      ],
      "title": "Ratio of tests by result (all-time)",
      "type": "timeseries"
    },
    {
      "datasource": {
        "type": "influxdb",
        "uid": "000000001"
      },
      "description": "https://progress.opensuse.org/issues/96191",
      "fieldConfig": {
        "defaults": {
          "color": {
            "mode": "palette-classic"
          },
          "custom": {
            "axisBorderShow": false,
            "axisCenteredZero": false,
            "axisColorMode": "text",
            "axisLabel": "",
            "axisPlacement": "auto",
            "barAlignment": 0,
            "barWidthFactor": 0.6,
            "drawStyle": "line",
            "fillOpacity": 100,
            "gradientMode": "none",
            "hideFrom": {
              "legend": false,
              "tooltip": false,
              "viz": false
            },
            "insertNulls": false,
            "lineInterpolation": "linear",
            "lineWidth": 0,
            "pointSize": 5,
            "scaleDistribution": {
              "type": "linear"
            },
            "showPoints": "never",
            "spanNulls": false,
            "stacking": {
              "group": "A",
              "mode": "normal"
            },
            "thresholdsStyle": {
              "mode": "off"
            }
          },
          "decimals": 2,
          "mappings": [],
          "max": 100,
          "thresholds": {
            "mode": "absolute",
            "steps": [
              {
                "color": "green",
                "value": null
              },
              {
                "color": "red",
                "value": 80
              }
            ]
          },
          "unit": "percent"
        },
        "overrides": [
          {
            "matcher": {
              "id": "byName",
              "options": "failed"
            },
            "properties": [
              {
                "id": "color",
                "value": {
                  "fixedColor": "#ff4e46",
                  "mode": "fixed"
                }
              }
            ]
          },
          {
            "matcher": {
              "id": "byName",
              "options": "incomplete"
            },
            "properties": [
              {
                "id": "color",
                "value": {
                  "fixedColor": "#af1e11",
                  "mode": "fixed"
                }
              }
            ]
          },
          {
            "matcher": {
              "id": "byName",
              "options": "none"
            },
            "properties": [
              {
                "id": "color",
                "value": {
                  "fixedColor": "#8bdfff",
                  "mode": "fixed"
                }
              }
            ]
          },
          {
            "matcher": {
              "id": "byName",
              "options": "obsoleted"
            },
            "properties": [
              {
                "id": "color",
                "value": {
                  "fixedColor": "#aaaaaa",
                  "mode": "fixed"
                }
              }
            ]
          },
          {
            "matcher": {
              "id": "byName",
              "options": "passed"
            },
            "properties": [
              {
                "id": "color",
                "value": {
                  "fixedColor": "#59df24",
                  "mode": "fixed"
                }
              }
            ]
          },
          {
            "matcher": {
              "id": "byName",
              "options": "skipped"
            },
            "properties": [
              {
                "id": "color",
                "value": {
                  "fixedColor": "#aaaaaa",
                  "mode": "fixed"
                }
              }
            ]
          },
          {
            "matcher": {
              "id": "byName",
              "options": "softfailed"
            },
            "properties": [
              {
                "id": "color",
                "value": {
                  "fixedColor": "#eab839",
                  "mode": "fixed"
                }
              }
            ]
          },
          {
            "matcher": {
              "id": "byName",
              "options": "timeout_exceeded"
            },
            "properties": [
              {
                "id": "color",
                "value": {
                  "fixedColor": "#af1e11",
                  "mode": "fixed"
                }
              }
            ]
          }
        ]
      },
      "gridPos": {
        "h": 8,
        "w": 12,
        "x": 12,
        "y": 42
      },
      "id": 26,
      "interval": "24h",
      "options": {
        "legend": {
          "calcs": [
            "mean",
            "max",
            "min"
          ],
          "displayMode": "table",
          "placement": "right",
          "showLegend": true
        },
        "tooltip": {
          "hideZeros": false,
          "mode": "multi",
          "sort": "desc"
        }
      },
      "pluginVersion": "11.5.2",
      "targets": [
        {
          "alias": "$tag_result",
          "datasource": {
            "type": "influxdb",
            "uid": "000000001"
          },
          "groupBy": [
            {
              "params": [
                "$__interval"
              ],
              "type": "time"
            },
            {
              "params": [
                "result"
              ],
              "type": "tag"
            },
            {
              "params": [
                "null"
              ],
              "type": "fill"
            }
          ],
          "measurement": "postgresql",
          "orderByTime": "ASC",
          "policy": "default",
          "refId": "ratio_mm",
          "resultFormat": "time_series",
          "select": [
            [
              {
                "params": [
                  "ratio_mm_long_term"
                ],
                "type": "field"
              },
              {
                "params": [],
                "type": "last"
              }
            ]
          ],
          "tags": []
        }
      ],
      "title": "Ratio of not restarted multi-machine tests by result (all-time)",
      "type": "timeseries"
    },
    {
      "datasource": {
        "type": "influxdb",
        "uid": "000000001"
      },
      "description": "https://progress.opensuse.org/issues/99135",
      "fieldConfig": {
        "defaults": {
          "color": {
            "mode": "palette-classic"
          },
          "custom": {
            "axisBorderShow": false,
            "axisCenteredZero": false,
            "axisColorMode": "text",
            "axisLabel": "",
            "axisPlacement": "auto",
            "barAlignment": 0,
            "barWidthFactor": 0.6,
            "drawStyle": "line",
            "fillOpacity": 10,
            "gradientMode": "none",
            "hideFrom": {
              "legend": false,
              "tooltip": false,
              "viz": false
            },
            "insertNulls": false,
            "lineInterpolation": "linear",
            "lineWidth": 1,
            "pointSize": 5,
            "scaleDistribution": {
              "type": "linear"
            },
            "showPoints": "never",
            "spanNulls": true,
            "stacking": {
              "group": "A",
              "mode": "none"
            },
            "thresholdsStyle": {
              "mode": "off"
            }
          },
          "decimals": 2,
          "mappings": [],
          "thresholds": {
            "mode": "absolute",
            "steps": [
              {
                "color": "green",
                "value": null
              },
              {
                "color": "red",
                "value": 80
              }
            ]
          },
          "unit": "percent"
        },
        "overrides": []
      },
      "gridPos": {
        "h": 8,
        "w": 12,
        "x": 0,
        "y": 50
      },
      "id": 27,
      "interval": "2m",
      "options": {
        "legend": {
          "calcs": [
            "mean",
            "max",
            "min"
          ],
          "displayMode": "table",
          "placement": "right",
          "showLegend": true
        },
        "tooltip": {
          "hideZeros": false,
          "mode": "multi",
          "sort": "desc"
        }
      },
      "pluginVersion": "11.5.2",
      "targets": [
        {
          "alias": "$tag_host",
          "datasource": {
            "type": "influxdb",
            "uid": "000000001"
          },
          "groupBy": [
            {
              "params": [
                "$__interval"
              ],
              "type": "time"
            },
            {
              "params": [
                "host"
              ],
              "type": "tag"
            },
            {
              "params": [
                "null"
              ],
              "type": "fill"
            }
          ],
          "measurement": "postgresql",
          "orderByTime": "ASC",
          "policy": "default",
          "refId": "ratio_failed_by_host",
          "resultFormat": "time_series",
          "select": [
            [
              {
                "params": [
                  "ratio_failed_by_host"
                ],
                "type": "field"
              },
              {
                "params": [],
                "type": "last"
              }
            ]
          ],
          "tags": []
        }
      ],
      "title": "Ratio of failed tests by worker host (all-time)",
      "type": "timeseries"
    },
    {
      "datasource": {
        "type": "influxdb",
        "uid": "000000001"
      },
      "description": "",
      "fieldConfig": {
        "defaults": {
          "color": {
            "mode": "palette-classic"
          },
          "custom": {
            "axisBorderShow": false,
            "axisCenteredZero": false,
            "axisColorMode": "text",
            "axisLabel": "",
            "axisPlacement": "auto",
            "barAlignment": 0,
            "barWidthFactor": 0.6,
            "drawStyle": "line",
            "fillOpacity": 10,
            "gradientMode": "none",
            "hideFrom": {
              "legend": false,
              "tooltip": false,
              "viz": false
            },
            "insertNulls": false,
            "lineInterpolation": "linear",
            "lineWidth": 1,
            "pointSize": 5,
            "scaleDistribution": {
              "type": "linear"
            },
            "showPoints": "never",
            "spanNulls": false,
            "stacking": {
              "group": "A",
              "mode": "none"
            },
            "thresholdsStyle": {
              "mode": "off"
            }
          },
          "links": [],
          "mappings": [],
          "min": 0,
          "thresholds": {
            "mode": "absolute",
            "steps": [
              {
                "color": "green",
                "value": null
              },
              {
                "color": "red",
                "value": 80
              }
            ]
          },
          "unit": "gbytes"
        },
        "overrides": [
          {
            "matcher": {
              "id": "byRegexp",
              "options": "/Value/"
            },
            "properties": [
              {
                "id": "displayName",
                "value": "Groupless jobs"
              }
            ]
          },
          {
            "matcher": {
              "id": "byValue",
              "options": {
                "op": "gte",
                "reducer": "allIsZero",
                "value": 0
              }
            },
            "properties": [
              {
                "id": "custom.hideFrom",
                "value": {
                  "legend": true,
                  "tooltip": true,
                  "viz": false
                }
              }
            ]
          },
          {
            "matcher": {
              "id": "byValue",
              "options": {
                "op": "gte",
                "reducer": "allIsNull",
                "value": 0
              }
            },
            "properties": [
              {
                "id": "custom.hideFrom",
                "value": {
                  "legend": true,
                  "tooltip": true,
                  "viz": false
                }
              }
            ]
          }
        ]
      },
      "gridPos": {
        "h": 14,
        "w": 24,
        "x": 0,
        "y": 58
      },
      "id": 19,
      "links": [
        {
          "title": "Details and why it is only \"approximate\"",
          "url": "https://progress.opensuse.org/issues/64574"
        }
      ],
      "options": {
        "legend": {
          "calcs": [
            "mean",
            "lastNotNull",
            "max",
            "min"
          ],
          "displayMode": "table",
          "placement": "right",
          "showLegend": true
        },
        "tooltip": {
          "hideZeros": false,
          "mode": "multi",
          "sort": "desc"
        }
      },
      "pluginVersion": "11.5.2",
      "targets": [
        {
          "alias": "$tag_group_name",
          "datasource": {
            "type": "influxdb",
            "uid": "000000001"
          },
          "groupBy": [
            {
              "params": [
                "$__interval"
              ],
              "type": "time"
            },
            {
              "params": [
                "group_name"
              ],
              "type": "tag"
            }
          ],
          "measurement": "postgresql",
          "orderByTime": "ASC",
          "policy": "default",
          "refId": "A",
          "resultFormat": "time_series",
          "select": [
            [
              {
                "params": [
                  "result_size"
                ],
                "type": "field"
              },
              {
                "params": [],
                "type": "mean"
              },
              {
                "params": [
                  10
                ],
                "type": "moving_average"
              },
              {
                "params": [
                  "/ 1024 / 1024 / 1024"
                ],
                "type": "math"
              }
            ]
          ],
          "tags": []
        }
      ],
      "title": "Approximate result size by job group",
      "type": "timeseries"
    }
  ],
  "preload": false,
  "refresh": "",
  "schemaVersion": 40,
  "tags": [],
  "templating": {
    "list": []
  },
  "time": {
    "from": "now-7d",
    "to": "now"
  },
  "timepicker": {},
  "timezone": "",
  "title": "OpenQA Jobs test",
  "uid": "nRDab3Jiz",
  "version": 66,
  "weekStart": ""
}