{
  "annotations": {
    "list": [
      {
        "builtIn": 1,
        "datasource": {
          "type": "datasource",
          "uid": "grafana"
        },
        "enable": true,
        "hide": true,
        "iconColor": "rgba(0, 211, 255, 1)",
        "name": "Annotations & Alerts",
        "target": {
          "limit": 100,
          "matchAny": false,
          "tags": [],
          "type": "dashboard"
        },
        "type": "dashboard"
      }
    ]
  },
  "editable": true,
  "fiscalYearStartMonth": 0,
  "graphTooltip": 0,
  "links": [],
  "liveNow": false,
  "panels": [
    {
      "datasource": {
        "type": "influxdb",
        "uid": "000000001"
      },
      "fieldConfig": {
        "defaults": {
          "color": {
            "mode": "thresholds"
          },
          "mappings": [
            {
              "options": {
                "from": 200,
                "result": {
                  "text": "ONLINE"
                },
                "to": 299
              },
              "type": "range"
            },
            {
              "options": {
                "from": 0,
                "result": {
                  "text": "OFFLINE"
                },
                "to": 199
              },
              "type": "range"
            },
            {
              "options": {
                "from": 300,
                "result": {
                  "text": "OFFLINE"
                },
                "to": 999
              },
              "type": "range"
            }
          ],
          "thresholds": {
            "mode": "absolute",
            "steps": [
              {
                "color": "#C4162A",
                "value": null
              },
              {
                "color": "#37872D",
                "value": 200
              },
              {
                "color": "#C4162A",
                "value": 299
              }
            ]
          },
          "unit": "none",
          "unitScale": true
        },
        "overrides": []
      },
      "gridPos": {
        "h": 4,
        "w": 14,
        "x": 0,
        "y": 0
      },
      "id": 2,
      "links": [],
      "maxDataPoints": 100,
      "options": {
        "colorMode": "background",
        "graphMode": "none",
        "justifyMode": "auto",
        "orientation": "horizontal",
        "reduceOptions": {
          "calcs": [
            "lastNotNull"
          ],
          "fields": "",
          "values": false
        },
        "showPercentChange": false,
        "text": {},
        "textMode": "auto",
        "wideLayout": true
      },
      "pluginVersion": "10.3.5",
      "targets": [
        {
          "datasource": {
            "type": "influxdb",
            "uid": "000000001"
          },
          "groupBy": [
            {
              "params": [
                "$__interval"
              ],
              "type": "time"
            },
            {
              "params": [
                "null"
              ],
              "type": "fill"
            }
          ],
          "measurement": "http_response",
          "orderByTime": "ASC",
          "policy": "default",
          "refId": "A",
          "resultFormat": "time_series",
          "select": [
            [
              {
                "params": [
                  "http_response_code"
                ],
                "type": "field"
              },
              {
                "params": [],
                "type": "last"
              }
            ]
          ],
          "tags": []
        }
      ],
      "title": "openqa.suse.de",
      "transparent": true,
      "type": "stat"
    },
    {
      "collapsed": false,
      "datasource": {
        "type": "influxdb",
        "uid": "000000001"
      },
      "gridPos": {
        "h": 1,
        "w": 24,
        "x": 0,
        "y": 4
      },
      "id": 39,
      "panels": [],
      "targets": [
        {
          "datasource": {
            "type": "influxdb",
            "uid": "000000001"
          },
          "refId": "A"
        }
      ],
      "title": "Status of all salt monitored machines",
      "type": "row"
    },
    {
      "datasource": {
        "type": "influxdb",
        "uid": "000000001"
      },
      "description": "",
      "fieldConfig": {
        "defaults": {
          "color": {
            "mode": "thresholds"
          },
          "mappings": [
            {
              "options": {
                "0": {
                  "index": 0,
                  "text": "ONLINE"
                },
                "1": {
                  "index": 1,
                  "text": "OFFLINE"
                },
                "2": {
                  "index": 2,
                  "text": "OFFLINE"
                },
                "": {
                  "index": 3,
                  "text": "OFFLINE"
                }
              },
              "type": "value"
            },
            {
              "options": {
                "match": "null+nan",
                "result": {
                  "index": 4,
                  "text": "OFFLINE"
                }
              },
              "type": "special"
            }
          ],
          "thresholds": {
            "mode": "absolute",
            "steps": [
              {
                "color": "dark-red",
                "value": null
              },
              {
                "color": "#37872D",
                "value": 0
              },
              {
                "color": "dark-red",
                "value": 1
              }
            ]
          },
          "unit": "none",
          "unitScale": true
        },
        "overrides": []
      },
      "gridPos": {
        "h": 3,
        "w": 6,
        "x": 0,
        "y": 5
      },
      "id": 46,
      "links": [],
      "maxDataPoints": 100,
      "options": {
        "colorMode": "background",
        "graphMode": "none",
        "justifyMode": "auto",
        "orientation": "horizontal",
        "reduceOptions": {
          "calcs": [
            "lastNotNull"
          ],
          "fields": "",
          "values": false
        },
        "showPercentChange": false,
        "text": {},
        "textMode": "auto",
        "wideLayout": true
      },
      "pluginVersion": "10.3.5",
      "repeat": "all_machines",
      "repeatDirection": "h",
      "targets": [
        {
          "datasource": {
            "type": "influxdb",
            "uid": "000000001"
          },
          "groupBy": [
            {
              "params": [
                "$__interval"
              ],
              "type": "time"
            },
            {
              "params": [
                "null"
              ],
              "type": "fill"
            }
          ],
          "measurement": "ping",
          "orderByTime": "ASC",
          "policy": "default",
          "refId": "A",
          "resultFormat": "time_series",
          "select": [
            [
              {
                "params": [
                  "result_code"
                ],
                "type": "field"
              },
              {
                "params": [],
                "type": "last"
              }
            ]
          ],
          "tags": [
            {
              "key": "url",
              "operator": "=~",
              "value": "/^$all_machines$/"
            }
          ]
        }
      ],
      "title": "$all_machines",
      "transparent": true,
      "type": "stat"
    }
  ],
  "refresh": "",
  "schemaVersion": 39,
  "tags": [
    "openQA",
    "overview",
    "status"
  ],
  "templating": {
    "list": [
      {
        "current": {
          "selected": true,
          "text": [
            "All"
          ],
          "value": [
            "$__all"
          ]
        },
        "datasource": {
          "type": "influxdb",
          "uid": "000000001"
        },
        "definition": "SHOW TAG VALUES FROM \"ping\" WITH KEY = \"url\"",
        "hide": 0,
        "includeAll": true,
        "label": "All salt controlled machines",
        "multi": true,
        "name": "all_machines",
        "options": [],
        "query": "SHOW TAG VALUES FROM \"ping\" WITH KEY = \"url\"",
        "refresh": 1,
        "regex": "",
        "skipUrlSync": false,
        "sort": 1,
        "tagValuesQuery": "",
        "tagsQuery": "",
        "type": "query",
        "useTags": false
      }
    ]
  },
  "time": {
    "from": "now-6M",
    "to": "now"
  },
  "timeRangeUpdatedDuringEditOrView": false,
  "timepicker": {
    "refresh_intervals": [
      "5s",
      "10s",
      "30s",
      "1m",
      "5m",
      "15m",
      "30m",
      "1h",
      "2h",
      "1d"
    ],
    "time_options": [
      "5m",
      "15m",
      "1h",
      "6h",
      "12h",
      "24h",
      "2d",
      "7d",
      "30d"
    ]
  },
  "timezone": "",
  "title": "OSD status overview",
  "uid": "4KkGdvvZk",
  "version": 36,
  "weekStart": ""
}