<openQA
    project_pattern="openSUSE:Leap:(?P&lt;version&gt;15.6):Images:ToTest"
    dist_path="images"
    distri="opensuse"
    archs="aarch64 x86_64">
    <!-- Actually only for x86_64, but adding archs="x86_64" here overwrites the default... -->
    <flavor name="JeOS-for-kvm-and-xen" folder="*/kiwi-templates-Minimal:kvm-and-xen">
        <!-- Due to there being multiple archs, it omits "head -n1". So don't match .sha256(.asc). -->
        <hdd filemask=".*kvm-and-xen.*\.qcow2$"/>
    </flavor>
    <flavor name="JeOS-for-AArch64" folder="*/JeOS:JeOS-efi.aarch64">
        <hdd filemask=".*ARM-JeOS-efi.*\.raw\.xz$"/>
    </flavor>
    <flavor name="JeOS-for-RPi" folder="*/JeOS:JeOS-raspberrypi.aarch64">
        <hdd filemask=".*raspberrypi.*\.raw.xz$"/>
    </flavor>
    <flavor name="Vagrant">
        <assets>
            <!-- Matches both -libvirt- and -libvirt_aarch64- -->
            <libvirt folder="*/*vagrant*libvirt*" filemask="libvirt.box"/>
            <virtualbox folder="*/*vagrant*virtualbox*" filemask="virtualbox.box"/>
        </assets>
    </flavor>
    <flavor name="GNOME-Live" folder="*/livecd-leap-gnome" iso="1"/>
    <flavor name="KDE-Live" folder="*/livecd-leap-kde" iso="1"/>
    <flavor name="Rescue-CD" folder="*/livecd-leap-x11" iso="1"/>
    <flavor name="XFCE-Live" folder="*/livecd-leap-xfce" iso="1"/>
    <flavor name="Container-Image" rsync="0"/>
</openQA>
