<openQA
    project_pattern="openSUSE:(?P&lt;version&gt;Factory):ToTest"
    distri="opensuse">
    <batch name="base" archs="x86_64">
        <flavor name="Tumbleweed-NET|Tumbleweed-DVD" folder="images/local/*product*" iso="1">
            <repos archs="x86_64">
                <oss folder="images/local/*openSUSE-ftp-ftp" debug="{java*,kernel-default-debug*,kernel-default-base-debug*,mraa-debug*,wicked-debug*}" source="{coreutils*,yast2-network*,yast2-http-server*}" mirror="1" dest="openSUSE-Tumbleweed-oss-x86_64"/>
                <non-oss folder="images/local/*openSUSE-Addon-NonOss-ftp-ftp" dest="openSUSE-Tumbleweed-non-oss-x86_64"/>
            </repos>
            <assets archs="x86_64" flavor="DVD">
                <libvirt folder="appliances/*/*vagrant*libvirt*" filemask="libvirt.box"/>
                <virtualbox folder="appliances/*/*vagrant*virtualbox*" filemask="virtualbox.box"/>
            </assets>
        </flavor>
        <news iso="Tumbleweed-DVD" archs="x86_64"/>
    </batch>
    <batch name="microos" folder="images/local/*product*" archs="x86_64" repos="base" distri="microos">
        <flavor name="MicroOS-DVD" iso="1" news="1"/>
    </batch>
    <batch name="live" folder="images/*/live*" archs="x86_64" repos="base">
        <flavor name="Rescue-CD|GNOME-Live|KDE-Live|XFCE-Live" iso="1"/>
    </batch>
    <batch name="jeos" folder="appliances/x86_64" archs="x86_64" repos="base">
        <flavor name="JeOS-for-kvm-and-xen" folder="kiwi-templates-Minimal:kvm-and-xen">
            <hdd filemask=".*kvm-and-xen.*\.qcow2$"/>
        </flavor>
	<flavor name="JeOS-for-kvm-and-xen-sdboot" folder="kiwi-templates-Minimal:kvm-and-xen-sdboot">
            <hdd filemask=".*kvm-and-xen-sdboot.*\.qcow2$"/>
        </flavor>
	<flavor name="JeOS-for-OpenStack-Cloud" folder="kiwi-templates-Minimal:Cloud">
            <hdd filemask=".*Minimal-VM.*-Cloud-.*\.qcow2$"/>
        </flavor>
        <flavor name="JeOS-for-kvm-and-xen-grub-bls" folder="kiwi-templates-Minimal:kvm-and-xen-grub-bls">
		<hdd filemask=".*Minimal-VM.*kvm-and-xen-grub-bls.*\.qcow2$"/>
        </flavor>
    </batch>
    <batch name="microos-qcow" folder="appliances/x86_64" archs="x86_64" repos="base" distri="microos">
        <flavor name="MicroOS-Image" folder="openSUSE-MicroOS:kvm-and-xen">
            <hdd filemask=".*[0-9]-kvm-and-xen.*\.qcow2$"/>
        </flavor>
        <flavor name="MicroOS-Image-sdboot" folder="openSUSE-MicroOS:kvm-and-xen-sdboot">
            <hdd filemask=".*[0-9]-kvm-and-xen-sdboot.*\.qcow2$"/>
        </flavor>
        <flavor name="MicroOS-Image-grub-bls" folder="openSUSE-MicroOS:kvm-and-xen-grub-bls">
            <hdd filemask=".*kvm-and-xen-grub-bls-.*\.qcow2$"/>
        </flavor>
        <flavor name="MicroOS-Image-ContainerHost" folder="openSUSE-MicroOS:ContainerHost-kvm-and-xen">
            <hdd filemask=".*ContainerHost-kvm-and-xen.*\.qcow2$"/>
        </flavor>
        <flavor name="MicroOS-SelfInstall" folder="openSUSE-MicroOS:SelfInstall">
            <hdd filemask=".*[0-9]-SelfInstall.*\.install\.iso$"/>
        </flavor>
    </batch>
    <batch name="wsl" folder="appliances/x86_64" archs="x86_64" repos="base" distri="opensuse">
        <flavor name="WSL" folder="kiwi-images-wsl">
            <asset filemask=".*\.appx$"/>
        </flavor>
    </batch>
</openQA>
