<openQA
    project_pattern="openSUSE:(?P&lt;version&gt;Factory):ARM:ToTest"
    distri="opensuse">
    <batch name="base" archs="aarch64 armv7hl">
        <flavor name="Tumbleweed-NET" folder="images/local/*product*" iso="1">
            <repos>
                <oss folder="images/local/*openSUSE-ftp-ftp" debug="{java*,kernel-default-debug*,kernel-default-base-debug*,mraa-debug*,wicked-debug*}" source="{coreutils*,yast2-network*}" mirror="1" dest="openSUSE-Tumbleweed-oss-$arch"/>
            </repos>
        </flavor>
    </batch>
    <batch name="base-dvd" archs="aarch64" repos="base">
        <flavor name="Tumbleweed-DVD" folder="images/local/*product*" iso="1">
            <assets archs="aarch64" flavor="DVD">
                <libvirt folder="appliances/aarch64/*vagrant*libvirt*" filemask="libvirt.box"/>
            </assets>
        </flavor>
        <news iso="Tumbleweed-DVD" archs="aarch64"/>
    </batch>
    <batch name="microos" folder="images/local/*product*" archs="aarch64" repos="base" distri="microos">
        <flavor name="MicroOS-DVD" iso="1" news="aarch64"/>
    </batch>
    <batch name="live" folder="images/*/live*" archs="aarch64" repos="base">
        <flavor name="Rescue-CD|GNOME-Live|KDE-Live|XFCE-Live" iso="1"/>
    </batch>
    <batch name="jeos-aarch64" folder="appliances/aarch64" archs="aarch64" repos="base">
        <flavor name="JeOS-for-AArch64" folder="JeOS:JeOS-efi.aarch64">
            <hdd filemask=".*JeOS-efi.*\.raw.xz$"/>
        </flavor>
        <flavor name="JeOS-for-RPi" folder="JeOS:JeOS-raspberrypi.aarch64">
            <hdd filemask=".*raspberrypi.*\.raw.xz$"/>
            <assets archs="aarch64">
                <libvirt folder="*vagrant*libvirt*" filemask="libvirt.box"/>
            </assets>
        </flavor>
        <flavor name="JeOS-for-OpenStack-Cloud" folder="kiwi-templates-Minimal:Cloud">
            <hdd filemask=".*Minimal-VM.*-Cloud-.*\.qcow2$"/>
        </flavor>
    </batch>
    <batch name="jeos-armv7hl" folder="appliances/armv7l" archs="armv7hl" repos="base">
        <flavor name="JeOS-for-AArch64" folder="JeOS:JeOS-efi-pxe">
            <hdd filemask=".*JeOS-efi.*\.raw.xz$"/>
        </flavor>
        <flavor name="JeOS-for-RPi" folder="JeOS:JeOS-raspberrypi2">
            <hdd filemask=".*raspberrypi2.*\.raw.xz$" folder="JeOS:JeOS-raspberrypi2"/>
        </flavor>
    </batch>
    <batch name="microos-qcow" folder="appliances/aarch64" archs="aarch64" repos="base" distri="microos">
        <flavor name="MicroOS-Image" folder="openSUSE-MicroOS:kvm-and-xen">
            <hdd filemask=".*[0-9]-kvm-and-xen.*\.qcow2$"/>
        </flavor>
        <flavor name="MicroOS-Image-sdboot" folder="openSUSE-MicroOS:kvm-and-xen-sdboot">
            <hdd filemask=".*[0-9]-kvm-and-xen-sdboot.*\.qcow2$"/>
        </flavor>
        <flavor name="MicroOS-Image-ContainerHost" folder="openSUSE-MicroOS:ContainerHost-kvm-and-xen">
            <hdd filemask=".*ContainerHost-kvm-and-xen.*\.qcow2$"/>
        </flavor>
    </batch>
    <batch name="wsl" folder="appliances/aarch64" archs="aarch64" repos="base" distri="opensuse">
        <flavor name="WSL" folder="kiwi-images-wsl">
            <asset filemask=".*\.appx$"/>
        </flavor>
    </batch>
</openQA>
