<openQA
    project_pattern="openSUSE:(?P&lt;version&gt;Factory):PowerPC:ToTest"
    distri="opensuse">
    <batch name="base" archs="ppc64 ppc64le">
        <flavor name="Tumbleweed-NET|Tumbleweed-DVD" folder="images/local/*product*" iso="1" archs="ppc64 ppc64le">
            <repos archs="ppc64le">
                <oss folder="images/local/*openSUSE-ftp-ftp" debug="{java*,kernel-default-debug*,kernel-default-base-debug*,mraa-debug*,wicked-debug*}" source="{coreutils*,yast2-network*}" mirror="1" dest="openSUSE-Tumbleweed-oss-ppc64_ppc64le"/>
            </repos>
        </flavor>
        <news iso="Tumbleweed-DVD" archs="ppc64le"/>
    </batch>
    <batch name="microos" folder="images/local/*product*" archs="ppc64le" repos="base" distri="microos">
        <flavor name="MicroOS-DVD" iso="1" news="ppc64le"/>
    </batch>
</openQA>
