<openQA
    project_pattern="SUSE:ALP:Products:Micro:0.1"
    dist_path="obspublish-other::openqa/SUSE:ALP:Products:Micro:0.1/"
    distri="alp"
    version="micro-0.1"
    archs="x86_64 aarch64">
    <flavor name="Default" folder="images/*/ALP-Micro:Default">
        <hdd filemask="ALP-Micro.*Default-Build.*\.raw.xz$"/>
        <repos>
            <ALP folder="images/local/000product:ALP-Micro-ftp-POOL*" mirror="1"/>
        </repos>
    </flavor>
    <flavor name="Default-qcow" folder="images/*/ALP-Micro:Default-qcow" repos="Default">
        <hdd filemask="ALP-Micro.*Default-qcow-Build.*\.qcow2$"/>
    </flavor>
    <flavor name="Default-SelfInstall" folder="images/*/ALP-Micro:Default-SelfInstall" repos="Default">
        <hdd filemask="ALP-Micro.*Default-SelfInstall-Build.*\.iso$"/>
    </flavor>
    <flavor name="Default-encrypted" folder="images/*/ALP-Micro:Default-encrypted" repos="Default">
        <hdd filemask="ALP-Micro.*Default-encrypted-Build.*\.raw$"/>
    </flavor>
</openQA>
